ID,Smoking,Gamma_GT
9002,0.5,20.843
9003,0.5,20.843
9004,0.5,20.843
9005,0.5,20.843
9006,0.5,20.843
9007,0.5,20.843
9008,0.5,20.843
9009,0.5,20.843
9010,0.5,20.843
9011,0.5,20.843
9012,0.5,20.843
9013,0.5,20.843
9014,0.5,20.843
9015,0.5,20.843
9016,0.5,20.843
9017,0.5,20.843
9018,0.5,20.843
9019,0.5,20.843
9020,0.5,20.843
9021,0.5,20.843
9022,0.5,20.843
9023,0.5,20.843
9024,0.5,20.843
9025,0.5,20.843
9026,0.5,20.843
9027,0.5,20.843
9028,0.5,20.843
9029,0.5,20.843
9030,0.5,20.843
9031,0.5,20.843
9032,0.5,20.843
9033,0.5,20.843
9034,0.5,20.843
9035,0.5,20.843
9036,0.5,20.843
9037,0.5,20.843
9038,0.5,20.843
9039,0.5,20.843
9040,0.5,20.843
9041,0.5,20.843
9042,0.5,20.843
9043,0.5,20.843
9044,0.5,20.843
9045,0.5,20.843
9046,0.5,20.843
9047,0.5,20.843
9048,0.5,20.843
9049,0.5,20.843
9050,0.5,20.843
9051,0.5,20.843
9052,0.5,20.843
9053,0.5,20.843
9054,0.5,20.843
9055,0.5,20.843
9056,0.5,20.843
9057,0.5,20.843
9058,0.5,20.843
9059,0.5,20.843
9060,0.5,20.843
9061,0.5,20.843
9062,0.5,20.843
9063,0.5,20.843
9064,0.5,20.843
9065,0.5,20.843
9066,0.5,20.843
9067,0.5,20.843
9068,0.5,20.843
9069,0.5,20.843
9070,0.5,20.843
9071,0.5,20.843
9072,0.5,20.843
9073,0.5,20.843
9074,0.5,20.843
9075,0.5,20.843
9076,0.5,20.843
9077,0.5,20.843
9078,0.5,20.843
9079,0.5,20.843
9080,0.5,20.843
9081,0.5,20.843
9082,0.5,20.843
9083,0.5,20.843
9084,0.5,20.843
9085,0.5,20.843
9086,0.5,20.843
9087,0.5,20.843
9088,0.5,20.843
9089,0.5,20.843
9090,0.5,20.843
9091,0.5,20.843
9092,0.5,20.843
9093,0.5,20.843
9094,0.5,20.843
9095,0.5,20.843
9096,0.5,20.843
9097,0.5,20.843
9098,0.5,20.843
9099,0.5,20.843
9100,0.5,20.843
9101,0.5,20.843
9102,0.5,20.843
9103,0.5,20.843
9104,0.5,20.843
9105,0.5,20.843
9106,0.5,20.843
9107,0.5,20.843
9108,0.5,20.843
9109,0.5,20.843
9110,0.5,20.843
9111,0.5,20.843
9112,0.5,20.843
9113,0.5,20.843
9114,0.5,20.843
9115,0.5,20.843
9116,0.5,20.843
9117,0.5,20.843
9118,0.5,20.843
9119,0.5,20.843
9120,0.5,20.843
9121,0.5,20.843
9122,0.5,20.843
9123,0.5,20.843
9124,0.5,20.843
9125,0.5,20.843
9126,0.5,20.843
9127,0.5,20.843
9128,0.5,20.843
9129,0.5,20.843
9130,0.5,20.843
9131,0.5,20.843
9132,0.5,20.843
9133,0.5,20.843
9134,0.5,20.843
9135,0.5,20.843
9136,0.5,20.843
9137,0.5,20.843
9138,0.5,20.843
9139,0.5,20.843
9140,0.5,20.843
9141,0.5,20.843
9142,0.5,20.843
9143,0.5,20.843
9144,0.5,20.843
9145,0.5,20.843
9146,0.5,20.843
9147,0.5,20.843
9148,0.5,20.843
9149,0.5,20.843
9150,0.5,20.843
9151,0.5,20.843
9152,0.5,20.843
9153,0.5,20.843
9154,0.5,20.843
9155,0.5,20.843
9156,0.5,20.843
9157,0.5,20.843
9158,0.5,20.843
9159,0.5,20.843
9160,0.5,20.843
9161,0.5,20.843
9162,0.5,20.843
9163,0.5,20.843
9164,0.5,20.843
9165,0.5,20.843
9166,0.5,20.843
9167,0.5,20.843
9168,0.5,20.843
9169,0.5,20.843
9170,0.5,20.843
9171,0.5,20.843
9172,0.5,20.843
9173,0.5,20.843
9174,0.5,20.843
9175,0.5,20.843
9176,0.5,20.843
9177,0.5,20.843
9178,0.5,20.843
9179,0.5,20.843
9180,0.5,20.843
9181,0.5,20.843
9182,0.5,20.843
9183,0.5,20.843
9184,0.5,20.843
9185,0.5,20.843
9186,0.5,20.843
9187,0.5,20.843
9188,0.5,20.843
9189,0.5,20.843
9190,0.5,20.843
9191,0.5,20.843
9192,0.5,20.843
9193,0.5,20.843
9194,0.5,20.843
9195,0.5,20.843
9196,0.5,20.843
9197,0.5,20.843
9198,0.5,20.843
9199,0.5,20.843
9200,0.5,20.843
9201,0.5,20.843
9202,0.5,20.843
9203,0.5,20.843
9204,0.5,20.843
9205,0.5,20.843
9206,0.5,20.843
9207,0.5,20.843
9208,0.5,20.843
9209,0.5,20.843
9210,0.5,20.843
9211,0.5,20.843
9212,0.5,20.843
9213,0.5,20.843
9214,0.5,20.843
9215,0.5,20.843
9216,0.5,20.843
9217,0.5,20.843
9218,0.5,20.843
9219,0.5,20.843
9220,0.5,20.843
9221,0.5,20.843
9222,0.5,20.843
9223,0.5,20.843
9224,0.5,20.843
9225,0.5,20.843
9226,0.5,20.843
9227,0.5,20.843
9228,0.5,20.843
9229,0.5,20.843
9230,0.5,20.843
9231,0.5,20.843
9232,0.5,20.843
9233,0.5,20.843
9234,0.5,20.843
9235,0.5,20.843
9236,0.5,20.843
9237,0.5,20.843
9238,0.5,20.843
9239,0.5,20.843
9240,0.5,20.843
9241,0.5,20.843
9242,0.5,20.843
9243,0.5,20.843
9244,0.5,20.843
9245,0.5,20.843
9246,0.5,20.843
9247,0.5,20.843
9248,0.5,20.843
9249,0.5,20.843
9250,0.5,20.843
9251,0.5,20.843
9252,0.5,20.843
9253,0.5,20.843
9254,0.5,20.843
9255,0.5,20.843
9256,0.5,20.843
9257,0.5,20.843
9258,0.5,20.843
9259,0.5,20.843
9260,0.5,20.843
9261,0.5,20.843
9262,0.5,20.843
9263,0.5,20.843
9264,0.5,20.843
9265,0.5,20.843
9266,0.5,20.843
9267,0.5,20.843
9268,0.5,20.843
9269,0.5,20.843
9270,0.5,20.843
9271,0.5,20.843
9272,0.5,20.843
9273,0.5,20.843
9274,0.5,20.843
9275,0.5,20.843
9276,0.5,20.843
9277,0.5,20.843
9278,0.5,20.843
9279,0.5,20.843
9280,0.5,20.843
9281,0.5,20.843
9282,0.5,20.843
9283,0.5,20.843
9284,0.5,20.843
9285,0.5,20.843
9286,0.5,20.843
9287,0.5,20.843
9288,0.5,20.843
9289,0.5,20.843
9290,0.5,20.843
9291,0.5,20.843
9292,0.5,20.843
9293,0.5,20.843
9294,0.5,20.843
9295,0.5,20.843
9296,0.5,20.843
9297,0.5,20.843
9298,0.5,20.843
9299,0.5,20.843
9300,0.5,20.843
9301,0.5,20.843
9302,0.5,20.843
9303,0.5,20.843
9304,0.5,20.843
9305,0.5,20.843
9306,0.5,20.843
9307,0.5,20.843
9308,0.5,20.843
9309,0.5,20.843
9310,0.5,20.843
9311,0.5,20.843
9312,0.5,20.843
9313,0.5,20.843
9314,0.5,20.843
9315,0.5,20.843
9316,0.5,20.843
9317,0.5,20.843
9318,0.5,20.843
9319,0.5,20.843
9320,0.5,20.843
9321,0.5,20.843
9322,0.5,20.843
9323,0.5,20.843
9324,0.5,20.843
9325,0.5,20.843
9326,0.5,20.843
9327,0.5,20.843
9328,0.5,20.843
9329,0.5,20.843
9330,0.5,20.843
9331,0.5,20.843
9332,0.5,20.843
9333,0.5,20.843
9334,0.5,20.843
9335,0.5,20.843
9336,0.5,20.843
9337,0.5,20.843
9338,0.5,20.843
9339,0.5,20.843
9340,0.5,20.843
9341,0.5,20.843
9342,0.5,20.843
9343,0.5,20.843
9344,0.5,20.843
9345,0.5,20.843
9346,0.5,20.843
9347,0.5,20.843
9348,0.5,20.843
9349,0.5,20.843
9350,0.5,20.843
9351,0.5,20.843
9352,0.5,20.843
9353,0.5,20.843
9354,0.5,20.843
9355,0.5,20.843
9356,0.5,20.843
9357,0.5,20.843
9358,0.5,20.843
9359,0.5,20.843
9360,0.5,20.843
9361,0.5,20.843
9362,0.5,20.843
9363,0.5,20.843
9364,0.5,20.843
9365,0.5,20.843
9366,0.5,20.843
9367,0.5,20.843
9368,0.5,20.843
9369,0.5,20.843
9370,0.5,20.843
9371,0.5,20.843
9372,0.5,20.843
9373,0.5,20.843
9374,0.5,20.843
9375,0.5,20.843
9376,0.5,20.843
9377,0.5,20.843
9378,0.5,20.843
9379,0.5,20.843
9380,0.5,20.843
9381,0.5,20.843
9382,0.5,20.843
9383,0.5,20.843
9384,0.5,20.843
9385,0.5,20.843
9386,0.5,20.843
9387,0.5,20.843
9388,0.5,20.843
9389,0.5,20.843
9390,0.5,20.843
9391,0.5,20.843
9392,0.5,20.843
9393,0.5,20.843
9394,0.5,20.843
9395,0.5,20.843
9396,0.5,20.843
9397,0.5,20.843
9398,0.5,20.843
9399,0.5,20.843
9400,0.5,20.843
9401,0.5,20.843
9402,0.5,20.843
9403,0.5,20.843
9404,0.5,20.843
9405,0.5,20.843
9406,0.5,20.843
9407,0.5,20.843
9408,0.5,20.843
9409,0.5,20.843
9410,0.5,20.843
9411,0.5,20.843
9412,0.5,20.843
9413,0.5,20.843
9414,0.5,20.843
9415,0.5,20.843
9416,0.5,20.843
9417,0.5,20.843
9418,0.5,20.843
9419,0.5,20.843
9420,0.5,20.843
9421,0.5,20.843
9422,0.5,20.843
9423,0.5,20.843
9424,0.5,20.843
9425,0.5,20.843
9426,0.5,20.843
9427,0.5,20.843
9428,0.5,20.843
9429,0.5,20.843
9430,0.5,20.843
9431,0.5,20.843
9432,0.5,20.843
9433,0.5,20.843
9434,0.5,20.843
9435,0.5,20.843
9436,0.5,20.843
9437,0.5,20.843
9438,0.5,20.843
9439,0.5,20.843
9440,0.5,20.843
9441,0.5,20.843
9442,0.5,20.843
9443,0.5,20.843
9444,0.5,20.843
9445,0.5,20.843
9446,0.5,20.843
9447,0.5,20.843
9448,0.5,20.843
9449,0.5,20.843
9450,0.5,20.843
9451,0.5,20.843
9452,0.5,20.843
9453,0.5,20.843
9454,0.5,20.843
9455,0.5,20.843
9456,0.5,20.843
9457,0.5,20.843
9458,0.5,20.843
9459,0.5,20.843
9460,0.5,20.843
9461,0.5,20.843
9462,0.5,20.843
9463,0.5,20.843
9464,0.5,20.843
9465,0.5,20.843
9466,0.5,20.843
9467,0.5,20.843
9468,0.5,20.843
9469,0.5,20.843
9470,0.5,20.843
9471,0.5,20.843
9472,0.5,20.843
9473,0.5,20.843
9474,0.5,20.843
9475,0.5,20.843
9476,0.5,20.843
9477,0.5,20.843
9478,0.5,20.843
9479,0.5,20.843
9480,0.5,20.843
9481,0.5,20.843
9482,0.5,20.843
9483,0.5,20.843
9484,0.5,20.843
9485,0.5,20.843
9486,0.5,20.843
9487,0.5,20.843
9488,0.5,20.843
9489,0.5,20.843
9490,0.5,20.843
9491,0.5,20.843
9492,0.5,20.843
9493,0.5,20.843
9494,0.5,20.843
9495,0.5,20.843
9496,0.5,20.843
9497,0.5,20.843
9498,0.5,20.843
9499,0.5,20.843
9500,0.5,20.843
9501,0.5,20.843
9502,0.5,20.843
9503,0.5,20.843
9504,0.5,20.843
9505,0.5,20.843
9506,0.5,20.843
9507,0.5,20.843
9508,0.5,20.843
9509,0.5,20.843
9510,0.5,20.843
9511,0.5,20.843
9512,0.5,20.843
9513,0.5,20.843
9514,0.5,20.843
9515,0.5,20.843
9516,0.5,20.843
9517,0.5,20.843
9518,0.5,20.843
9519,0.5,20.843
9520,0.5,20.843
9521,0.5,20.843
9522,0.5,20.843
9523,0.5,20.843
9524,0.5,20.843
9525,0.5,20.843
9526,0.5,20.843
9527,0.5,20.843
9528,0.5,20.843
9529,0.5,20.843
9530,0.5,20.843
9531,0.5,20.843
9532,0.5,20.843
9533,0.5,20.843
9534,0.5,20.843
9535,0.5,20.843
9536,0.5,20.843
9537,0.5,20.843
9538,0.5,20.843
9539,0.5,20.843
9540,0.5,20.843
9541,0.5,20.843
9542,0.5,20.843
9543,0.5,20.843
9544,0.5,20.843
9545,0.5,20.843
9546,0.5,20.843
9547,0.5,20.843
9548,0.5,20.843
9549,0.5,20.843
9550,0.5,20.843
9551,0.5,20.843
9552,0.5,20.843
9553,0.5,20.843
9554,0.5,20.843
9555,0.5,20.843
9556,0.5,20.843
9557,0.5,20.843
9558,0.5,20.843
9559,0.5,20.843
9560,0.5,20.843
9561,0.5,20.843
9562,0.5,20.843
9563,0.5,20.843
9564,0.5,20.843
9565,0.5,20.843
9566,0.5,20.843
9567,0.5,20.843
9568,0.5,20.843
9569,0.5,20.843
9570,0.5,20.843
9571,0.5,20.843
9572,0.5,20.843
9573,0.5,20.843
9574,0.5,20.843
9575,0.5,20.843
9576,0.5,20.843
9577,0.5,20.843
9578,0.5,20.843
9579,0.5,20.843
9580,0.5,20.843
9581,0.5,20.843
9582,0.5,20.843
9583,0.5,20.843
9584,0.5,20.843
9585,0.5,20.843
9586,0.5,20.843
9587,0.5,20.843
9588,0.5,20.843
9589,0.5,20.843
9590,0.5,20.843
9591,0.5,20.843
9592,0.5,20.843
9593,0.5,20.843
9594,0.5,20.843
9595,0.5,20.843
9596,0.5,20.843
9597,0.5,20.843
9598,0.5,20.843
9599,0.5,20.843
9600,0.5,20.843
9601,0.5,20.843
9602,0.5,20.843
9603,0.5,20.843
9604,0.5,20.843
9605,0.5,20.843
9606,0.5,20.843
9607,0.5,20.843
9608,0.5,20.843
9609,0.5,20.843
9610,0.5,20.843
9611,0.5,20.843
9612,0.5,20.843
9613,0.5,20.843
9614,0.5,20.843
9615,0.5,20.843
9616,0.5,20.843
9617,0.5,20.843
9618,0.5,20.843
9619,0.5,20.843
9620,0.5,20.843
9621,0.5,20.843
9622,0.5,20.843
9623,0.5,20.843
9624,0.5,20.843
9625,0.5,20.843
9626,0.5,20.843
9627,0.5,20.843
9628,0.5,20.843
9629,0.5,20.843
9630,0.5,20.843
9631,0.5,20.843
9632,0.5,20.843
9633,0.5,20.843
9634,0.5,20.843
9635,0.5,20.843
9636,0.5,20.843
9637,0.5,20.843
9638,0.5,20.843
9639,0.5,20.843
9640,0.5,20.843
9641,0.5,20.843
9642,0.5,20.843
9643,0.5,20.843
9644,0.5,20.843
9645,0.5,20.843
9646,0.5,20.843
9647,0.5,20.843
9648,0.5,20.843
9649,0.5,20.843
9650,0.5,20.843
9651,0.5,20.843
9652,0.5,20.843
9653,0.5,20.843
9654,0.5,20.843
9655,0.5,20.843
9656,0.5,20.843
9657,0.5,20.843
9658,0.5,20.843
9659,0.5,20.843
9660,0.5,20.843
9661,0.5,20.843
9662,0.5,20.843
9663,0.5,20.843
9664,0.5,20.843
9665,0.5,20.843
9666,0.5,20.843
9667,0.5,20.843
9668,0.5,20.843
9669,0.5,20.843
9670,0.5,20.843
9671,0.5,20.843
9672,0.5,20.843
9673,0.5,20.843
9674,0.5,20.843
9675,0.5,20.843
9676,0.5,20.843
9677,0.5,20.843
9678,0.5,20.843
9679,0.5,20.843
9680,0.5,20.843
9681,0.5,20.843
9682,0.5,20.843
9683,0.5,20.843
9684,0.5,20.843
9685,0.5,20.843
9686,0.5,20.843
9687,0.5,20.843
9688,0.5,20.843
9689,0.5,20.843
9690,0.5,20.843
9691,0.5,20.843
9692,0.5,20.843
9693,0.5,20.843
9694,0.5,20.843
9695,0.5,20.843
9696,0.5,20.843
9697,0.5,20.843
9698,0.5,20.843
9699,0.5,20.843
9700,0.5,20.843
9701,0.5,20.843
9702,0.5,20.843
9703,0.5,20.843
9704,0.5,20.843
9705,0.5,20.843
9706,0.5,20.843
9707,0.5,20.843
9708,0.5,20.843
9709,0.5,20.843
9710,0.5,20.843
9711,0.5,20.843
9712,0.5,20.843
9713,0.5,20.843
9714,0.5,20.843
9715,0.5,20.843
9716,0.5,20.843
9717,0.5,20.843
9718,0.5,20.843
9719,0.5,20.843
9720,0.5,20.843
9721,0.5,20.843
9722,0.5,20.843
9723,0.5,20.843
9724,0.5,20.843
9725,0.5,20.843
9726,0.5,20.843
9727,0.5,20.843
9728,0.5,20.843
9729,0.5,20.843
9730,0.5,20.843
9731,0.5,20.843
9732,0.5,20.843
9733,0.5,20.843
9734,0.5,20.843
9735,0.5,20.843
9736,0.5,20.843
9737,0.5,20.843
9738,0.5,20.843
9739,0.5,20.843
9740,0.5,20.843
9741,0.5,20.843
9742,0.5,20.843
9743,0.5,20.843
9744,0.5,20.843
9745,0.5,20.843
9746,0.5,20.843
9747,0.5,20.843
9748,0.5,20.843
9749,0.5,20.843
9750,0.5,20.843
9751,0.5,20.843
9752,0.5,20.843
9753,0.5,20.843
9754,0.5,20.843
9755,0.5,20.843
9756,0.5,20.843
9757,0.5,20.843
9758,0.5,20.843
9759,0.5,20.843
9760,0.5,20.843
9761,0.5,20.843
9762,0.5,20.843
9763,0.5,20.843
9764,0.5,20.843
9765,0.5,20.843
9766,0.5,20.843
9767,0.5,20.843
9768,0.5,20.843
9769,0.5,20.843
9770,0.5,20.843
9771,0.5,20.843
9772,0.5,20.843
9773,0.5,20.843
9774,0.5,20.843
9775,0.5,20.843
9776,0.5,20.843
9777,0.5,20.843
9778,0.5,20.843
9779,0.5,20.843
9780,0.5,20.843
9781,0.5,20.843
9782,0.5,20.843
9783,0.5,20.843
9784,0.5,20.843
9785,0.5,20.843
9786,0.5,20.843
9787,0.5,20.843
9788,0.5,20.843
9789,0.5,20.843
9790,0.5,20.843
9791,0.5,20.843
9792,0.5,20.843
9793,0.5,20.843
9794,0.5,20.843
9795,0.5,20.843
9796,0.5,20.843
9797,0.5,20.843
9798,0.5,20.843
9799,0.5,20.843
9800,0.5,20.843
9801,0.5,20.843
9802,0.5,20.843
9803,0.5,20.843
9804,0.5,20.843
9805,0.5,20.843
9806,0.5,20.843
9807,0.5,20.843
9808,0.5,20.843
9809,0.5,20.843
9810,0.5,20.843
9811,0.5,20.843
9812,0.5,20.843
9813,0.5,20.843
9814,0.5,20.843
9815,0.5,20.843
9816,0.5,20.843
9817,0.5,20.843
9818,0.5,20.843
9819,0.5,20.843
9820,0.5,20.843
9821,0.5,20.843
9822,0.5,20.843
9823,0.5,20.843
9824,0.5,20.843
9825,0.5,20.843
9826,0.5,20.843
9827,0.5,20.843
9828,0.5,20.843
9829,0.5,20.843
9830,0.5,20.843
9831,0.5,20.843
9832,0.5,20.843
9833,0.5,20.843
9834,0.5,20.843
9835,0.5,20.843
9836,0.5,20.843
9837,0.5,20.843
9838,0.5,20.843
9839,0.5,20.843
9840,0.5,20.843
9841,0.5,20.843
9842,0.5,20.843
9843,0.5,20.843
9844,0.5,20.843
9845,0.5,20.843
9846,0.5,20.843
9847,0.5,20.843
9848,0.5,20.843
9849,0.5,20.843
9850,0.5,20.843
9851,0.5,20.843
9852,0.5,20.843
9853,0.5,20.843
9854,0.5,20.843
9855,0.5,20.843
9856,0.5,20.843
9857,0.5,20.843
9858,0.5,20.843
9859,0.5,20.843
9860,0.5,20.843
9861,0.5,20.843
9862,0.5,20.843
9863,0.5,20.843
9864,0.5,20.843
9865,0.5,20.843
9866,0.5,20.843
9867,0.5,20.843
9868,0.5,20.843
9869,0.5,20.843
9870,0.5,20.843
9871,0.5,20.843
9872,0.5,20.843
9873,0.5,20.843
9874,0.5,20.843
9875,0.5,20.843
9876,0.5,20.843
9877,0.5,20.843
9878,0.5,20.843
9879,0.5,20.843
9880,0.5,20.843
9881,0.5,20.843
9882,0.5,20.843
9883,0.5,20.843
9884,0.5,20.843
9885,0.5,20.843
9886,0.5,20.843
9887,0.5,20.843
9888,0.5,20.843
9889,0.5,20.843
9890,0.5,20.843
9891,0.5,20.843
9892,0.5,20.843
9893,0.5,20.843
9894,0.5,20.843
9895,0.5,20.843
9896,0.5,20.843
9897,0.5,20.843
9898,0.5,20.843
9899,0.5,20.843
9900,0.5,20.843
9901,0.5,20.843
9902,0.5,20.843
9903,0.5,20.843
9904,0.5,20.843
9905,0.5,20.843
9906,0.5,20.843
9907,0.5,20.843
9908,0.5,20.843
9909,0.5,20.843
9910,0.5,20.843
9911,0.5,20.843
9912,0.5,20.843
9913,0.5,20.843
9914,0.5,20.843
9915,0.5,20.843
9916,0.5,20.843
9917,0.5,20.843
9918,0.5,20.843
9919,0.5,20.843
9920,0.5,20.843
9921,0.5,20.843
9922,0.5,20.843
9923,0.5,20.843
9924,0.5,20.843
9925,0.5,20.843
9926,0.5,20.843
9927,0.5,20.843
9928,0.5,20.843
9929,0.5,20.843
9930,0.5,20.843
9931,0.5,20.843
9932,0.5,20.843
9933,0.5,20.843
9934,0.5,20.843
9935,0.5,20.843
9936,0.5,20.843
9937,0.5,20.843
9938,0.5,20.843
9939,0.5,20.843
9940,0.5,20.843
9941,0.5,20.843
9942,0.5,20.843
9943,0.5,20.843
9944,0.5,20.843
9945,0.5,20.843
9946,0.5,20.843
9947,0.5,20.843
9948,0.5,20.843
9949,0.5,20.843
9950,0.5,20.843
9951,0.5,20.843
9952,0.5,20.843
9953,0.5,20.843
9954,0.5,20.843
9955,0.5,20.843
9956,0.5,20.843
9957,0.5,20.843
9958,0.5,20.843
9959,0.5,20.843
9960,0.5,20.843
9961,0.5,20.843
9962,0.5,20.843
9963,0.5,20.843
9964,0.5,20.843
9965,0.5,20.843
9966,0.5,20.843
9967,0.5,20.843
9968,0.5,20.843
9969,0.5,20.843
9970,0.5,20.843
9971,0.5,20.843
9972,0.5,20.843
9973,0.5,20.843
9974,0.5,20.843
9975,0.5,20.843
9976,0.5,20.843
9977,0.5,20.843
9978,0.5,20.843
9979,0.5,20.843
9980,0.5,20.843
9981,0.5,20.843
9982,0.5,20.843
9983,0.5,20.843
9984,0.5,20.843
9985,0.5,20.843
9986,0.5,20.843
9987,0.5,20.843
9988,0.5,20.843
9989,0.5,20.843
9990,0.5,20.843
9991,0.5,20.843
9992,0.5,20.843
9993,0.5,20.843
9994,0.5,20.843
9995,0.5,20.843
9996,0.5,20.843
9997,0.5,20.843
9998,0.5,20.843
9999,0.5,20.843
10000,0.5,20.843
10001,0.5,20.843
10002,0.5,20.843
10003,0.5,20.843
10004,0.5,20.843
10005,0.5,20.843
10006,0.5,20.843
10007,0.5,20.843
10008,0.5,20.843
10009,0.5,20.843
10010,0.5,20.843
10011,0.5,20.843
10012,0.5,20.843
10013,0.5,20.843
10014,0.5,20.843
10015,0.5,20.843
10016,0.5,20.843
10017,0.5,20.843
10018,0.5,20.843
10019,0.5,20.843
10020,0.5,20.843
10021,0.5,20.843
10022,0.5,20.843
10023,0.5,20.843
10024,0.5,20.843
10025,0.5,20.843
10026,0.5,20.843
10027,0.5,20.843
10028,0.5,20.843
10029,0.5,20.843
10030,0.5,20.843
10031,0.5,20.843
10032,0.5,20.843
10033,0.5,20.843
10034,0.5,20.843
10035,0.5,20.843
10036,0.5,20.843
10037,0.5,20.843
10038,0.5,20.843
10039,0.5,20.843
10040,0.5,20.843
10041,0.5,20.843
10042,0.5,20.843
10043,0.5,20.843
10044,0.5,20.843
10045,0.5,20.843
10046,0.5,20.843
10047,0.5,20.843
10048,0.5,20.843
10049,0.5,20.843
10050,0.5,20.843
10051,0.5,20.843
10052,0.5,20.843
10053,0.5,20.843
10054,0.5,20.843
10055,0.5,20.843
10056,0.5,20.843
10057,0.5,20.843
10058,0.5,20.843
10059,0.5,20.843
10060,0.5,20.843
10061,0.5,20.843
10062,0.5,20.843
10063,0.5,20.843
10064,0.5,20.843
10065,0.5,20.843
10066,0.5,20.843
10067,0.5,20.843
10068,0.5,20.843
10069,0.5,20.843
10070,0.5,20.843
10071,0.5,20.843
10072,0.5,20.843
10073,0.5,20.843
10074,0.5,20.843
10075,0.5,20.843
10076,0.5,20.843
10077,0.5,20.843
10078,0.5,20.843
10079,0.5,20.843
10080,0.5,20.843
10081,0.5,20.843
10082,0.5,20.843
10083,0.5,20.843
10084,0.5,20.843
10085,0.5,20.843
10086,0.5,20.843
10087,0.5,20.843
10088,0.5,20.843
10089,0.5,20.843
10090,0.5,20.843
10091,0.5,20.843
10092,0.5,20.843
10093,0.5,20.843
10094,0.5,20.843
10095,0.5,20.843
10096,0.5,20.843
10097,0.5,20.843
10098,0.5,20.843
10099,0.5,20.843
10100,0.5,20.843
10101,0.5,20.843
10102,0.5,20.843
10103,0.5,20.843
10104,0.5,20.843
10105,0.5,20.843
10106,0.5,20.843
10107,0.5,20.843
10108,0.5,20.843
10109,0.5,20.843
10110,0.5,20.843
10111,0.5,20.843
10112,0.5,20.843
10113,0.5,20.843
10114,0.5,20.843
10115,0.5,20.843
10116,0.5,20.843
10117,0.5,20.843
10118,0.5,20.843
10119,0.5,20.843
10120,0.5,20.843
10121,0.5,20.843
10122,0.5,20.843
10123,0.5,20.843
10124,0.5,20.843
10125,0.5,20.843
10126,0.5,20.843
10127,0.5,20.843
10128,0.5,20.843
10129,0.5,20.843
10130,0.5,20.843
10131,0.5,20.843
10132,0.5,20.843
10133,0.5,20.843
10134,0.5,20.843
10135,0.5,20.843
10136,0.5,20.843
10137,0.5,20.843
10138,0.5,20.843
10139,0.5,20.843
10140,0.5,20.843
10141,0.5,20.843
10142,0.5,20.843
10143,0.5,20.843
10144,0.5,20.843
10145,0.5,20.843
10146,0.5,20.843
10147,0.5,20.843
10148,0.5,20.843
10149,0.5,20.843
10150,0.5,20.843
10151,0.5,20.843
10152,0.5,20.843
10153,0.5,20.843
10154,0.5,20.843
10155,0.5,20.843
10156,0.5,20.843
10157,0.5,20.843
10158,0.5,20.843
10159,0.5,20.843
10160,0.5,20.843
10161,0.5,20.843
10162,0.5,20.843
10163,0.5,20.843
10164,0.5,20.843
10165,0.5,20.843
10166,0.5,20.843
10167,0.5,20.843
10168,0.5,20.843
10169,0.5,20.843
10170,0.5,20.843
10171,0.5,20.843
10172,0.5,20.843
10173,0.5,20.843
10174,0.5,20.843
10175,0.5,20.843
10176,0.5,20.843
10177,0.5,20.843
10178,0.5,20.843
10179,0.5,20.843
10180,0.5,20.843
10181,0.5,20.843
10182,0.5,20.843
10183,0.5,20.843
10184,0.5,20.843
10185,0.5,20.843
10186,0.5,20.843
10187,0.5,20.843
10188,0.5,20.843
10189,0.5,20.843
10190,0.5,20.843
10191,0.5,20.843
10192,0.5,20.843
10193,0.5,20.843
10194,0.5,20.843
10195,0.5,20.843
10196,0.5,20.843
10197,0.5,20.843
10198,0.5,20.843
10199,0.5,20.843
10200,0.5,20.843
10201,0.5,20.843
10202,0.5,20.843
10203,0.5,20.843
10204,0.5,20.843
10205,0.5,20.843
10206,0.5,20.843
10207,0.5,20.843
10208,0.5,20.843
10209,0.5,20.843
10210,0.5,20.843
10211,0.5,20.843
10212,0.5,20.843
10213,0.5,20.843
10214,0.5,20.843
10215,0.5,20.843
10216,0.5,20.843
10217,0.5,20.843
10218,0.5,20.843
10219,0.5,20.843
10220,0.5,20.843
10221,0.5,20.843
10222,0.5,20.843
10223,0.5,20.843
10224,0.5,20.843
10225,0.5,20.843
10226,0.5,20.843
10227,0.5,20.843
10228,0.5,20.843
10229,0.5,20.843
10230,0.5,20.843
10231,0.5,20.843
10232,0.5,20.843
10233,0.5,20.843
10234,0.5,20.843
10235,0.5,20.843
10236,0.5,20.843
10237,0.5,20.843
10238,0.5,20.843
10239,0.5,20.843
10240,0.5,20.843
10241,0.5,20.843
10242,0.5,20.843
10243,0.5,20.843
10244,0.5,20.843
10245,0.5,20.843
10246,0.5,20.843
10247,0.5,20.843
10248,0.5,20.843
10249,0.5,20.843
10250,0.5,20.843
10251,0.5,20.843
10252,0.5,20.843
10253,0.5,20.843
10254,0.5,20.843
10255,0.5,20.843
10256,0.5,20.843
10257,0.5,20.843
10258,0.5,20.843
10259,0.5,20.843
10260,0.5,20.843
10261,0.5,20.843
10262,0.5,20.843
10263,0.5,20.843
10264,0.5,20.843
10265,0.5,20.843
10266,0.5,20.843
10267,0.5,20.843
10268,0.5,20.843
10269,0.5,20.843
10270,0.5,20.843
10271,0.5,20.843
10272,0.5,20.843
10273,0.5,20.843
10274,0.5,20.843
10275,0.5,20.843
10276,0.5,20.843
10277,0.5,20.843
10278,0.5,20.843
10279,0.5,20.843
10280,0.5,20.843
10281,0.5,20.843
10282,0.5,20.843
10283,0.5,20.843
10284,0.5,20.843
10285,0.5,20.843
10286,0.5,20.843
10287,0.5,20.843
10288,0.5,20.843
10289,0.5,20.843
10290,0.5,20.843
10291,0.5,20.843
10292,0.5,20.843
10293,0.5,20.843
10294,0.5,20.843
10295,0.5,20.843
10296,0.5,20.843
10297,0.5,20.843
10298,0.5,20.843
10299,0.5,20.843
10300,0.5,20.843
10301,0.5,20.843
10302,0.5,20.843
10303,0.5,20.843
10304,0.5,20.843
10305,0.5,20.843
10306,0.5,20.843
10307,0.5,20.843
10308,0.5,20.843
10309,0.5,20.843
10310,0.5,20.843
10311,0.5,20.843
10312,0.5,20.843
10313,0.5,20.843
10314,0.5,20.843
10315,0.5,20.843
10316,0.5,20.843
10317,0.5,20.843
10318,0.5,20.843
10319,0.5,20.843
10320,0.5,20.843
10321,0.5,20.843
10322,0.5,20.843
10323,0.5,20.843
10324,0.5,20.843
10325,0.5,20.843
10326,0.5,20.843
10327,0.5,20.843
10328,0.5,20.843
10329,0.5,20.843
10330,0.5,20.843
10331,0.5,20.843
10332,0.5,20.843
10333,0.5,20.843
10334,0.5,20.843
10335,0.5,20.843
10336,0.5,20.843
10337,0.5,20.843
10338,0.5,20.843
10339,0.5,20.843
10340,0.5,20.843
10341,0.5,20.843
10342,0.5,20.843
10343,0.5,20.843
10344,0.5,20.843
10345,0.5,20.843
10346,0.5,20.843
10347,0.5,20.843
10348,0.5,20.843
10349,0.5,20.843
10350,0.5,20.843
10351,0.5,20.843
10352,0.5,20.843
10353,0.5,20.843
10354,0.5,20.843
10355,0.5,20.843
10356,0.5,20.843
10357,0.5,20.843
10358,0.5,20.843
10359,0.5,20.843
10360,0.5,20.843
10361,0.5,20.843
10362,0.5,20.843
10363,0.5,20.843
10364,0.5,20.843
10365,0.5,20.843
10366,0.5,20.843
10367,0.5,20.843
10368,0.5,20.843
10369,0.5,20.843
10370,0.5,20.843
10371,0.5,20.843
10372,0.5,20.843
10373,0.5,20.843
10374,0.5,20.843
10375,0.5,20.843
10376,0.5,20.843
10377,0.5,20.843
10378,0.5,20.843
10379,0.5,20.843
10380,0.5,20.843
10381,0.5,20.843
10382,0.5,20.843
10383,0.5,20.843
10384,0.5,20.843
10385,0.5,20.843
10386,0.5,20.843
10387,0.5,20.843
10388,0.5,20.843
10389,0.5,20.843
10390,0.5,20.843
10391,0.5,20.843
10392,0.5,20.843
10393,0.5,20.843
10394,0.5,20.843
10395,0.5,20.843
10396,0.5,20.843
10397,0.5,20.843
10398,0.5,20.843
10399,0.5,20.843
10400,0.5,20.843
10401,0.5,20.843
10402,0.5,20.843
10403,0.5,20.843
10404,0.5,20.843
10405,0.5,20.843
10406,0.5,20.843
10407,0.5,20.843
10408,0.5,20.843
10409,0.5,20.843
10410,0.5,20.843
10411,0.5,20.843
10412,0.5,20.843
10413,0.5,20.843
10414,0.5,20.843
10415,0.5,20.843
10416,0.5,20.843
10417,0.5,20.843
10418,0.5,20.843
10419,0.5,20.843
10420,0.5,20.843
10421,0.5,20.843
10422,0.5,20.843
10423,0.5,20.843
10424,0.5,20.843
10425,0.5,20.843
10426,0.5,20.843
10427,0.5,20.843
10428,0.5,20.843
10429,0.5,20.843
10430,0.5,20.843
10431,0.5,20.843
10432,0.5,20.843
10433,0.5,20.843
10434,0.5,20.843
10435,0.5,20.843
10436,0.5,20.843
10437,0.5,20.843
10438,0.5,20.843
10439,0.5,20.843
10440,0.5,20.843
10441,0.5,20.843
10442,0.5,20.843
10443,0.5,20.843
10444,0.5,20.843
10445,0.5,20.843
10446,0.5,20.843
10447,0.5,20.843
10448,0.5,20.843
10449,0.5,20.843
10450,0.5,20.843
10451,0.5,20.843
10452,0.5,20.843
10453,0.5,20.843
10454,0.5,20.843
10455,0.5,20.843
10456,0.5,20.843
10457,0.5,20.843
10458,0.5,20.843
10459,0.5,20.843
10460,0.5,20.843
10461,0.5,20.843
10462,0.5,20.843
10463,0.5,20.843
10464,0.5,20.843
10465,0.5,20.843
10466,0.5,20.843
10467,0.5,20.843
10468,0.5,20.843
10469,0.5,20.843
10470,0.5,20.843
10471,0.5,20.843
10472,0.5,20.843
10473,0.5,20.843
10474,0.5,20.843
10475,0.5,20.843
10476,0.5,20.843
10477,0.5,20.843
10478,0.5,20.843
10479,0.5,20.843
10480,0.5,20.843
10481,0.5,20.843
10482,0.5,20.843
10483,0.5,20.843
10484,0.5,20.843
10485,0.5,20.843
10486,0.5,20.843
10487,0.5,20.843
10488,0.5,20.843
10489,0.5,20.843
10490,0.5,20.843
10491,0.5,20.843
10492,0.5,20.843
10493,0.5,20.843
10494,0.5,20.843
10495,0.5,20.843
10496,0.5,20.843
10497,0.5,20.843
10498,0.5,20.843
10499,0.5,20.843
10500,0.5,20.843
10501,0.5,20.843
10502,0.5,20.843
10503,0.5,20.843
10504,0.5,20.843
10505,0.5,20.843
10506,0.5,20.843
10507,0.5,20.843
10508,0.5,20.843
10509,0.5,20.843
10510,0.5,20.843
10511,0.5,20.843
10512,0.5,20.843
10513,0.5,20.843
10514,0.5,20.843
10515,0.5,20.843
10516,0.5,20.843
10517,0.5,20.843
10518,0.5,20.843
10519,0.5,20.843
10520,0.5,20.843
10521,0.5,20.843
10522,0.5,20.843
10523,0.5,20.843
10524,0.5,20.843
10525,0.5,20.843
10526,0.5,20.843
10527,0.5,20.843
10528,0.5,20.843
10529,0.5,20.843
10530,0.5,20.843
10531,0.5,20.843
10532,0.5,20.843
10533,0.5,20.843
10534,0.5,20.843
10535,0.5,20.843
10536,0.5,20.843
10537,0.5,20.843
10538,0.5,20.843
10539,0.5,20.843
10540,0.5,20.843
10541,0.5,20.843
10542,0.5,20.843
10543,0.5,20.843
10544,0.5,20.843
10545,0.5,20.843
10546,0.5,20.843
10547,0.5,20.843
10548,0.5,20.843
10549,0.5,20.843
10550,0.5,20.843
10551,0.5,20.843
10552,0.5,20.843
10553,0.5,20.843
10554,0.5,20.843
10555,0.5,20.843
10556,0.5,20.843
10557,0.5,20.843
10558,0.5,20.843
10559,0.5,20.843
10560,0.5,20.843
10561,0.5,20.843
10562,0.5,20.843
10563,0.5,20.843
10564,0.5,20.843
10565,0.5,20.843
10566,0.5,20.843
10567,0.5,20.843
10568,0.5,20.843
10569,0.5,20.843
10570,0.5,20.843
10571,0.5,20.843
10572,0.5,20.843
10573,0.5,20.843
10574,0.5,20.843
10575,0.5,20.843
10576,0.5,20.843
10577,0.5,20.843
10578,0.5,20.843
10579,0.5,20.843
10580,0.5,20.843
10581,0.5,20.843
10582,0.5,20.843
10583,0.5,20.843
10584,0.5,20.843
10585,0.5,20.843
10586,0.5,20.843
10587,0.5,20.843
10588,0.5,20.843
10589,0.5,20.843
10590,0.5,20.843
10591,0.5,20.843
10592,0.5,20.843
10593,0.5,20.843
10594,0.5,20.843
10595,0.5,20.843
10596,0.5,20.843
10597,0.5,20.843
10598,0.5,20.843
10599,0.5,20.843
10600,0.5,20.843
10601,0.5,20.843
10602,0.5,20.843
10603,0.5,20.843
10604,0.5,20.843
10605,0.5,20.843
10606,0.5,20.843
10607,0.5,20.843
10608,0.5,20.843
10609,0.5,20.843
10610,0.5,20.843
10611,0.5,20.843
10612,0.5,20.843
10613,0.5,20.843
10614,0.5,20.843
10615,0.5,20.843
10616,0.5,20.843
10617,0.5,20.843
10618,0.5,20.843
10619,0.5,20.843
10620,0.5,20.843
10621,0.5,20.843
10622,0.5,20.843
10623,0.5,20.843
10624,0.5,20.843
10625,0.5,20.843
10626,0.5,20.843
10627,0.5,20.843
10628,0.5,20.843
10629,0.5,20.843
10630,0.5,20.843
10631,0.5,20.843
10632,0.5,20.843
10633,0.5,20.843
10634,0.5,20.843
10635,0.5,20.843
10636,0.5,20.843
10637,0.5,20.843
10638,0.5,20.843
10639,0.5,20.843
10640,0.5,20.843
10641,0.5,20.843
10642,0.5,20.843
10643,0.5,20.843
10644,0.5,20.843
10645,0.5,20.843
10646,0.5,20.843
10647,0.5,20.843
10648,0.5,20.843
10649,0.5,20.843
10650,0.5,20.843
10651,0.5,20.843
10652,0.5,20.843
10653,0.5,20.843
10654,0.5,20.843
10655,0.5,20.843
10656,0.5,20.843
10657,0.5,20.843
10658,0.5,20.843
10659,0.5,20.843
10660,0.5,20.843
10661,0.5,20.843
10662,0.5,20.843
10663,0.5,20.843
10664,0.5,20.843
10665,0.5,20.843
10666,0.5,20.843
10667,0.5,20.843
10668,0.5,20.843
10669,0.5,20.843
10670,0.5,20.843
10671,0.5,20.843
10672,0.5,20.843
10673,0.5,20.843
10674,0.5,20.843
10675,0.5,20.843
10676,0.5,20.843
10677,0.5,20.843
10678,0.5,20.843
10679,0.5,20.843
10680,0.5,20.843
10681,0.5,20.843
10682,0.5,20.843
10683,0.5,20.843
10684,0.5,20.843
10685,0.5,20.843
10686,0.5,20.843
10687,0.5,20.843
10688,0.5,20.843
10689,0.5,20.843
10690,0.5,20.843
10691,0.5,20.843
10692,0.5,20.843
10693,0.5,20.843
10694,0.5,20.843
10695,0.5,20.843
10696,0.5,20.843
10697,0.5,20.843
10698,0.5,20.843
10699,0.5,20.843
10700,0.5,20.843
10701,0.5,20.843
10702,0.5,20.843
10703,0.5,20.843
10704,0.5,20.843
10705,0.5,20.843
10706,0.5,20.843
10707,0.5,20.843
10708,0.5,20.843
10709,0.5,20.843
10710,0.5,20.843
10711,0.5,20.843
10712,0.5,20.843
10713,0.5,20.843
10714,0.5,20.843
10715,0.5,20.843
10716,0.5,20.843
10717,0.5,20.843
10718,0.5,20.843
10719,0.5,20.843
10720,0.5,20.843
10721,0.5,20.843
10722,0.5,20.843
10723,0.5,20.843
10724,0.5,20.843
10725,0.5,20.843
10726,0.5,20.843
10727,0.5,20.843
10728,0.5,20.843
10729,0.5,20.843
10730,0.5,20.843
10731,0.5,20.843
10732,0.5,20.843
10733,0.5,20.843
10734,0.5,20.843
10735,0.5,20.843
10736,0.5,20.843
10737,0.5,20.843
10738,0.5,20.843
10739,0.5,20.843
10740,0.5,20.843
10741,0.5,20.843
10742,0.5,20.843
10743,0.5,20.843
10744,0.5,20.843
10745,0.5,20.843
10746,0.5,20.843
10747,0.5,20.843
10748,0.5,20.843
10749,0.5,20.843
10750,0.5,20.843
10751,0.5,20.843
10752,0.5,20.843
10753,0.5,20.843
10754,0.5,20.843
10755,0.5,20.843
10756,0.5,20.843
10757,0.5,20.843
10758,0.5,20.843
10759,0.5,20.843
10760,0.5,20.843
10761,0.5,20.843
10762,0.5,20.843
10763,0.5,20.843
10764,0.5,20.843
10765,0.5,20.843
10766,0.5,20.843
10767,0.5,20.843
10768,0.5,20.843
10769,0.5,20.843
10770,0.5,20.843
10771,0.5,20.843
10772,0.5,20.843
10773,0.5,20.843
10774,0.5,20.843
10775,0.5,20.843
10776,0.5,20.843
10777,0.5,20.843
10778,0.5,20.843
10779,0.5,20.843
10780,0.5,20.843
10781,0.5,20.843
10782,0.5,20.843
10783,0.5,20.843
10784,0.5,20.843
10785,0.5,20.843
10786,0.5,20.843
10787,0.5,20.843
10788,0.5,20.843
10789,0.5,20.843
10790,0.5,20.843
10791,0.5,20.843
10792,0.5,20.843
10793,0.5,20.843
10794,0.5,20.843
10795,0.5,20.843
10796,0.5,20.843
10797,0.5,20.843
10798,0.5,20.843
10799,0.5,20.843
10800,0.5,20.843
10801,0.5,20.843
10802,0.5,20.843
10803,0.5,20.843
10804,0.5,20.843
10805,0.5,20.843
10806,0.5,20.843
10807,0.5,20.843
10808,0.5,20.843
10809,0.5,20.843
10810,0.5,20.843
10811,0.5,20.843
10812,0.5,20.843
10813,0.5,20.843
10814,0.5,20.843
10815,0.5,20.843
10816,0.5,20.843
10817,0.5,20.843
10818,0.5,20.843
10819,0.5,20.843
10820,0.5,20.843
10821,0.5,20.843
10822,0.5,20.843
10823,0.5,20.843
10824,0.5,20.843
10825,0.5,20.843
10826,0.5,20.843
10827,0.5,20.843
10828,0.5,20.843
10829,0.5,20.843
10830,0.5,20.843
10831,0.5,20.843
10832,0.5,20.843
10833,0.5,20.843
10834,0.5,20.843
10835,0.5,20.843
10836,0.5,20.843
10837,0.5,20.843
10838,0.5,20.843
10839,0.5,20.843
10840,0.5,20.843
10841,0.5,20.843
10842,0.5,20.843
10843,0.5,20.843
10844,0.5,20.843
10845,0.5,20.843
10846,0.5,20.843
10847,0.5,20.843
10848,0.5,20.843
10849,0.5,20.843
10850,0.5,20.843
10851,0.5,20.843
10852,0.5,20.843
10853,0.5,20.843
10854,0.5,20.843
10855,0.5,20.843
10856,0.5,20.843
10857,0.5,20.843
10858,0.5,20.843
10859,0.5,20.843
10860,0.5,20.843
10861,0.5,20.843
10862,0.5,20.843
10863,0.5,20.843
10864,0.5,20.843
10865,0.5,20.843
10866,0.5,20.843
10867,0.5,20.843
10868,0.5,20.843
10869,0.5,20.843
10870,0.5,20.843
10871,0.5,20.843
10872,0.5,20.843
10873,0.5,20.843
10874,0.5,20.843
10875,0.5,20.843
10876,0.5,20.843
10877,0.5,20.843
10878,0.5,20.843
10879,0.5,20.843
10880,0.5,20.843
10881,0.5,20.843
10882,0.5,20.843
10883,0.5,20.843
10884,0.5,20.843
10885,0.5,20.843
10886,0.5,20.843
10887,0.5,20.843
10888,0.5,20.843
10889,0.5,20.843
10890,0.5,20.843
10891,0.5,20.843
10892,0.5,20.843
10893,0.5,20.843
10894,0.5,20.843
10895,0.5,20.843
10896,0.5,20.843
10897,0.5,20.843
10898,0.5,20.843
10899,0.5,20.843
10900,0.5,20.843
10901,0.5,20.843
10902,0.5,20.843
10903,0.5,20.843
10904,0.5,20.843
10905,0.5,20.843
10906,0.5,20.843
10907,0.5,20.843
10908,0.5,20.843
10909,0.5,20.843
10910,0.5,20.843
10911,0.5,20.843
10912,0.5,20.843
10913,0.5,20.843
10914,0.5,20.843
10915,0.5,20.843
10916,0.5,20.843
10917,0.5,20.843
10918,0.5,20.843
10919,0.5,20.843
10920,0.5,20.843
10921,0.5,20.843
10922,0.5,20.843
10923,0.5,20.843
10924,0.5,20.843
10925,0.5,20.843
10926,0.5,20.843
10927,0.5,20.843
10928,0.5,20.843
10929,0.5,20.843
10930,0.5,20.843
10931,0.5,20.843
10932,0.5,20.843
10933,0.5,20.843
10934,0.5,20.843
10935,0.5,20.843
10936,0.5,20.843
10937,0.5,20.843
10938,0.5,20.843
10939,0.5,20.843
10940,0.5,20.843
10941,0.5,20.843
10942,0.5,20.843
10943,0.5,20.843
10944,0.5,20.843
10945,0.5,20.843
10946,0.5,20.843
10947,0.5,20.843
10948,0.5,20.843
10949,0.5,20.843
10950,0.5,20.843
10951,0.5,20.843
10952,0.5,20.843
10953,0.5,20.843
10954,0.5,20.843
10955,0.5,20.843
10956,0.5,20.843
10957,0.5,20.843
10958,0.5,20.843
10959,0.5,20.843
10960,0.5,20.843
10961,0.5,20.843
10962,0.5,20.843
10963,0.5,20.843
10964,0.5,20.843
10965,0.5,20.843
10966,0.5,20.843
10967,0.5,20.843
10968,0.5,20.843
10969,0.5,20.843
10970,0.5,20.843
10971,0.5,20.843
10972,0.5,20.843
10973,0.5,20.843
10974,0.5,20.843
10975,0.5,20.843
10976,0.5,20.843
10977,0.5,20.843
10978,0.5,20.843
10979,0.5,20.843
10980,0.5,20.843
10981,0.5,20.843
10982,0.5,20.843
10983,0.5,20.843
10984,0.5,20.843
10985,0.5,20.843
10986,0.5,20.843
10987,0.5,20.843
10988,0.5,20.843
10989,0.5,20.843
10990,0.5,20.843
10991,0.5,20.843
10992,0.5,20.843
10993,0.5,20.843
10994,0.5,20.843
10995,0.5,20.843
10996,0.5,20.843
10997,0.5,20.843
10998,0.5,20.843
10999,0.5,20.843
11000,0.5,20.843
11001,0.5,20.843
11002,0.5,20.843
11003,0.5,20.843
11004,0.5,20.843
11005,0.5,20.843
11006,0.5,20.843
11007,0.5,20.843
11008,0.5,20.843
11009,0.5,20.843
11010,0.5,20.843
11011,0.5,20.843
11012,0.5,20.843
11013,0.5,20.843
11014,0.5,20.843
11015,0.5,20.843
11016,0.5,20.843
11017,0.5,20.843
11018,0.5,20.843
11019,0.5,20.843
11020,0.5,20.843
11021,0.5,20.843
11022,0.5,20.843
11023,0.5,20.843
11024,0.5,20.843
11025,0.5,20.843
11026,0.5,20.843
11027,0.5,20.843
11028,0.5,20.843
11029,0.5,20.843
11030,0.5,20.843
11031,0.5,20.843
11032,0.5,20.843
11033,0.5,20.843
11034,0.5,20.843
11035,0.5,20.843
11036,0.5,20.843
11037,0.5,20.843
11038,0.5,20.843
11039,0.5,20.843
11040,0.5,20.843
11041,0.5,20.843
11042,0.5,20.843
11043,0.5,20.843
11044,0.5,20.843
11045,0.5,20.843
11046,0.5,20.843
11047,0.5,20.843
11048,0.5,20.843
11049,0.5,20.843
11050,0.5,20.843
11051,0.5,20.843
11052,0.5,20.843
11053,0.5,20.843
11054,0.5,20.843
11055,0.5,20.843
11056,0.5,20.843
11057,0.5,20.843
11058,0.5,20.843
11059,0.5,20.843
11060,0.5,20.843
11061,0.5,20.843
11062,0.5,20.843
11063,0.5,20.843
11064,0.5,20.843
11065,0.5,20.843
11066,0.5,20.843
11067,0.5,20.843
11068,0.5,20.843
11069,0.5,20.843
11070,0.5,20.843
11071,0.5,20.843
11072,0.5,20.843
11073,0.5,20.843
11074,0.5,20.843
11075,0.5,20.843
11076,0.5,20.843
11077,0.5,20.843
11078,0.5,20.843
11079,0.5,20.843
11080,0.5,20.843
11081,0.5,20.843
11082,0.5,20.843
11083,0.5,20.843
11084,0.5,20.843
11085,0.5,20.843
11086,0.5,20.843
11087,0.5,20.843
11088,0.5,20.843
11089,0.5,20.843
11090,0.5,20.843
11091,0.5,20.843
11092,0.5,20.843
11093,0.5,20.843
11094,0.5,20.843
11095,0.5,20.843
11096,0.5,20.843
11097,0.5,20.843
11098,0.5,20.843
11099,0.5,20.843
11100,0.5,20.843
11101,0.5,20.843
11102,0.5,20.843
11103,0.5,20.843
11104,0.5,20.843
11105,0.5,20.843
11106,0.5,20.843
11107,0.5,20.843
11108,0.5,20.843
11109,0.5,20.843
11110,0.5,20.843
11111,0.5,20.843
11112,0.5,20.843
11113,0.5,20.843
11114,0.5,20.843
11115,0.5,20.843
11116,0.5,20.843
11117,0.5,20.843
11118,0.5,20.843
11119,0.5,20.843
11120,0.5,20.843
11121,0.5,20.843
11122,0.5,20.843
11123,0.5,20.843
11124,0.5,20.843
11125,0.5,20.843
11126,0.5,20.843
11127,0.5,20.843
11128,0.5,20.843
11129,0.5,20.843
11130,0.5,20.843
11131,0.5,20.843
11132,0.5,20.843
11133,0.5,20.843
11134,0.5,20.843
11135,0.5,20.843
11136,0.5,20.843
11137,0.5,20.843
11138,0.5,20.843
11139,0.5,20.843
11140,0.5,20.843
11141,0.5,20.843
11142,0.5,20.843
11143,0.5,20.843
11144,0.5,20.843
11145,0.5,20.843
11146,0.5,20.843
11147,0.5,20.843
11148,0.5,20.843
11149,0.5,20.843
11150,0.5,20.843
11151,0.5,20.843
11152,0.5,20.843
11153,0.5,20.843
11154,0.5,20.843
11155,0.5,20.843
11156,0.5,20.843
11157,0.5,20.843
11158,0.5,20.843
11159,0.5,20.843
11160,0.5,20.843
11161,0.5,20.843
11162,0.5,20.843
11163,0.5,20.843
11164,0.5,20.843
11165,0.5,20.843
11166,0.5,20.843
11167,0.5,20.843
11168,0.5,20.843
11169,0.5,20.843
11170,0.5,20.843
11171,0.5,20.843
11172,0.5,20.843
11173,0.5,20.843
11174,0.5,20.843
11175,0.5,20.843
11176,0.5,20.843
11177,0.5,20.843
11178,0.5,20.843
11179,0.5,20.843
11180,0.5,20.843
11181,0.5,20.843
11182,0.5,20.843
11183,0.5,20.843
11184,0.5,20.843
11185,0.5,20.843
11186,0.5,20.843
11187,0.5,20.843
11188,0.5,20.843
11189,0.5,20.843
11190,0.5,20.843
11191,0.5,20.843
11192,0.5,20.843
11193,0.5,20.843
11194,0.5,20.843
11195,0.5,20.843
11196,0.5,20.843
11197,0.5,20.843
11198,0.5,20.843
11199,0.5,20.843
11200,0.5,20.843
11201,0.5,20.843
11202,0.5,20.843
11203,0.5,20.843
11204,0.5,20.843
11205,0.5,20.843
11206,0.5,20.843
11207,0.5,20.843
11208,0.5,20.843
11209,0.5,20.843
11210,0.5,20.843
11211,0.5,20.843
11212,0.5,20.843
11213,0.5,20.843
11214,0.5,20.843
11215,0.5,20.843
11216,0.5,20.843
11217,0.5,20.843
11218,0.5,20.843
11219,0.5,20.843
11220,0.5,20.843
11221,0.5,20.843
11222,0.5,20.843
11223,0.5,20.843
11224,0.5,20.843
11225,0.5,20.843
11226,0.5,20.843
11227,0.5,20.843
11228,0.5,20.843
11229,0.5,20.843
11230,0.5,20.843
11231,0.5,20.843
11232,0.5,20.843
11233,0.5,20.843
11234,0.5,20.843
11235,0.5,20.843
11236,0.5,20.843
11237,0.5,20.843
11238,0.5,20.843
11239,0.5,20.843
11240,0.5,20.843
11241,0.5,20.843
11242,0.5,20.843
11243,0.5,20.843
11244,0.5,20.843
11245,0.5,20.843
11246,0.5,20.843
11247,0.5,20.843
11248,0.5,20.843
11249,0.5,20.843
11250,0.5,20.843
11251,0.5,20.843
11252,0.5,20.843
11253,0.5,20.843
11254,0.5,20.843
11255,0.5,20.843
11256,0.5,20.843
11257,0.5,20.843
11258,0.5,20.843
11259,0.5,20.843
11260,0.5,20.843
11261,0.5,20.843
11262,0.5,20.843
11263,0.5,20.843
11264,0.5,20.843
11265,0.5,20.843
11266,0.5,20.843
11267,0.5,20.843
11268,0.5,20.843
11269,0.5,20.843
11270,0.5,20.843
11271,0.5,20.843
11272,0.5,20.843
11273,0.5,20.843
11274,0.5,20.843
11275,0.5,20.843
11276,0.5,20.843
11277,0.5,20.843
11278,0.5,20.843
11279,0.5,20.843
11280,0.5,20.843
11281,0.5,20.843
11282,0.5,20.843
11283,0.5,20.843
11284,0.5,20.843
11285,0.5,20.843
11286,0.5,20.843
11287,0.5,20.843
11288,0.5,20.843
11289,0.5,20.843
11290,0.5,20.843
11291,0.5,20.843
11292,0.5,20.843
11293,0.5,20.843
11294,0.5,20.843
11295,0.5,20.843
11296,0.5,20.843
11297,0.5,20.843
11298,0.5,20.843
11299,0.5,20.843
11300,0.5,20.843
11301,0.5,20.843
11302,0.5,20.843
11303,0.5,20.843
11304,0.5,20.843
11305,0.5,20.843
11306,0.5,20.843
11307,0.5,20.843
11308,0.5,20.843
11309,0.5,20.843
11310,0.5,20.843
11311,0.5,20.843
11312,0.5,20.843
11313,0.5,20.843
11314,0.5,20.843
11315,0.5,20.843
11316,0.5,20.843
11317,0.5,20.843
11318,0.5,20.843
11319,0.5,20.843
11320,0.5,20.843
11321,0.5,20.843
11322,0.5,20.843
11323,0.5,20.843
11324,0.5,20.843
11325,0.5,20.843
11326,0.5,20.843
11327,0.5,20.843
11328,0.5,20.843
11329,0.5,20.843
11330,0.5,20.843
11331,0.5,20.843
11332,0.5,20.843
11333,0.5,20.843
11334,0.5,20.843
11335,0.5,20.843
11336,0.5,20.843
11337,0.5,20.843
11338,0.5,20.843
11339,0.5,20.843
11340,0.5,20.843
11341,0.5,20.843
11342,0.5,20.843
11343,0.5,20.843
11344,0.5,20.843
11345,0.5,20.843
11346,0.5,20.843
11347,0.5,20.843
11348,0.5,20.843
11349,0.5,20.843
11350,0.5,20.843
11351,0.5,20.843
11352,0.5,20.843
11353,0.5,20.843
11354,0.5,20.843
11355,0.5,20.843
11356,0.5,20.843
11357,0.5,20.843
11358,0.5,20.843
11359,0.5,20.843
11360,0.5,20.843
11361,0.5,20.843
11362,0.5,20.843
11363,0.5,20.843
11364,0.5,20.843
11365,0.5,20.843
11366,0.5,20.843
11367,0.5,20.843
11368,0.5,20.843
11369,0.5,20.843
11370,0.5,20.843
11371,0.5,20.843
11372,0.5,20.843
11373,0.5,20.843
11374,0.5,20.843
11375,0.5,20.843
11376,0.5,20.843
11377,0.5,20.843
11378,0.5,20.843
11379,0.5,20.843
11380,0.5,20.843
11381,0.5,20.843
11382,0.5,20.843
11383,0.5,20.843
11384,0.5,20.843
11385,0.5,20.843
11386,0.5,20.843
11387,0.5,20.843
11388,0.5,20.843
11389,0.5,20.843
11390,0.5,20.843
11391,0.5,20.843
11392,0.5,20.843
11393,0.5,20.843
11394,0.5,20.843
11395,0.5,20.843
11396,0.5,20.843
11397,0.5,20.843
11398,0.5,20.843
11399,0.5,20.843
11400,0.5,20.843
11401,0.5,20.843
11402,0.5,20.843
11403,0.5,20.843
11404,0.5,20.843
11405,0.5,20.843
11406,0.5,20.843
11407,0.5,20.843
11408,0.5,20.843
11409,0.5,20.843
11410,0.5,20.843
11411,0.5,20.843
11412,0.5,20.843
11413,0.5,20.843
11414,0.5,20.843
11415,0.5,20.843
11416,0.5,20.843
11417,0.5,20.843
11418,0.5,20.843
11419,0.5,20.843
11420,0.5,20.843
11421,0.5,20.843
11422,0.5,20.843
11423,0.5,20.843
11424,0.5,20.843
11425,0.5,20.843
11426,0.5,20.843
11427,0.5,20.843
11428,0.5,20.843
11429,0.5,20.843
11430,0.5,20.843
11431,0.5,20.843
11432,0.5,20.843
11433,0.5,20.843
11434,0.5,20.843
11435,0.5,20.843
11436,0.5,20.843
11437,0.5,20.843
11438,0.5,20.843
11439,0.5,20.843
11440,0.5,20.843
11441,0.5,20.843
11442,0.5,20.843
11443,0.5,20.843
11444,0.5,20.843
11445,0.5,20.843
11446,0.5,20.843
11447,0.5,20.843
11448,0.5,20.843
11449,0.5,20.843
11450,0.5,20.843
11451,0.5,20.843
11452,0.5,20.843
11453,0.5,20.843
11454,0.5,20.843
11455,0.5,20.843
11456,0.5,20.843
11457,0.5,20.843
11458,0.5,20.843
11459,0.5,20.843
11460,0.5,20.843
11461,0.5,20.843
11462,0.5,20.843
11463,0.5,20.843
11464,0.5,20.843
11465,0.5,20.843
11466,0.5,20.843
11467,0.5,20.843
11468,0.5,20.843
11469,0.5,20.843
11470,0.5,20.843
11471,0.5,20.843
11472,0.5,20.843
11473,0.5,20.843
11474,0.5,20.843
11475,0.5,20.843
11476,0.5,20.843
11477,0.5,20.843
11478,0.5,20.843
11479,0.5,20.843
11480,0.5,20.843
11481,0.5,20.843
11482,0.5,20.843
11483,0.5,20.843
11484,0.5,20.843
11485,0.5,20.843
11486,0.5,20.843
11487,0.5,20.843
11488,0.5,20.843
11489,0.5,20.843
11490,0.5,20.843
11491,0.5,20.843
11492,0.5,20.843
11493,0.5,20.843
11494,0.5,20.843
11495,0.5,20.843
11496,0.5,20.843
11497,0.5,20.843
11498,0.5,20.843
11499,0.5,20.843
11500,0.5,20.843
11501,0.5,20.843
11502,0.5,20.843
11503,0.5,20.843
11504,0.5,20.843
11505,0.5,20.843
11506,0.5,20.843
11507,0.5,20.843
11508,0.5,20.843
11509,0.5,20.843
11510,0.5,20.843
11511,0.5,20.843
11512,0.5,20.843
11513,0.5,20.843
11514,0.5,20.843
11515,0.5,20.843
11516,0.5,20.843
11517,0.5,20.843
11518,0.5,20.843
11519,0.5,20.843
11520,0.5,20.843
11521,0.5,20.843
11522,0.5,20.843
11523,0.5,20.843
11524,0.5,20.843
11525,0.5,20.843
11526,0.5,20.843
11527,0.5,20.843
11528,0.5,20.843
11529,0.5,20.843
11530,0.5,20.843
11531,0.5,20.843
11532,0.5,20.843
11533,0.5,20.843
11534,0.5,20.843
11535,0.5,20.843
11536,0.5,20.843
11537,0.5,20.843
11538,0.5,20.843
11539,0.5,20.843
11540,0.5,20.843
11541,0.5,20.843
11542,0.5,20.843
11543,0.5,20.843
11544,0.5,20.843
11545,0.5,20.843
11546,0.5,20.843
11547,0.5,20.843
11548,0.5,20.843
11549,0.5,20.843
11550,0.5,20.843
11551,0.5,20.843
11552,0.5,20.843
11553,0.5,20.843
11554,0.5,20.843
11555,0.5,20.843
11556,0.5,20.843
11557,0.5,20.843
11558,0.5,20.843
11559,0.5,20.843
11560,0.5,20.843
11561,0.5,20.843
11562,0.5,20.843
11563,0.5,20.843
11564,0.5,20.843
11565,0.5,20.843
11566,0.5,20.843
11567,0.5,20.843
11568,0.5,20.843
11569,0.5,20.843
11570,0.5,20.843
11571,0.5,20.843
11572,0.5,20.843
11573,0.5,20.843
11574,0.5,20.843
11575,0.5,20.843
11576,0.5,20.843
11577,0.5,20.843
11578,0.5,20.843
11579,0.5,20.843
11580,0.5,20.843
11581,0.5,20.843
11582,0.5,20.843
11583,0.5,20.843
11584,0.5,20.843
11585,0.5,20.843
11586,0.5,20.843
11587,0.5,20.843
11588,0.5,20.843
11589,0.5,20.843
11590,0.5,20.843
11591,0.5,20.843
11592,0.5,20.843
11593,0.5,20.843
11594,0.5,20.843
11595,0.5,20.843
11596,0.5,20.843
11597,0.5,20.843
11598,0.5,20.843
11599,0.5,20.843
11600,0.5,20.843
11601,0.5,20.843
11602,0.5,20.843
11603,0.5,20.843
11604,0.5,20.843
11605,0.5,20.843
11606,0.5,20.843
11607,0.5,20.843
11608,0.5,20.843
11609,0.5,20.843
11610,0.5,20.843
11611,0.5,20.843
11612,0.5,20.843
11613,0.5,20.843
11614,0.5,20.843
11615,0.5,20.843
11616,0.5,20.843
11617,0.5,20.843
11618,0.5,20.843
11619,0.5,20.843
11620,0.5,20.843
11621,0.5,20.843
11622,0.5,20.843
11623,0.5,20.843
11624,0.5,20.843
11625,0.5,20.843
11626,0.5,20.843
11627,0.5,20.843
11628,0.5,20.843
11629,0.5,20.843
11630,0.5,20.843
11631,0.5,20.843
11632,0.5,20.843
11633,0.5,20.843
11634,0.5,20.843
11635,0.5,20.843
11636,0.5,20.843
11637,0.5,20.843
11638,0.5,20.843
11639,0.5,20.843
11640,0.5,20.843
11641,0.5,20.843
11642,0.5,20.843
11643,0.5,20.843
11644,0.5,20.843
11645,0.5,20.843
11646,0.5,20.843
11647,0.5,20.843
11648,0.5,20.843
11649,0.5,20.843
11650,0.5,20.843
11651,0.5,20.843
11652,0.5,20.843
11653,0.5,20.843
11654,0.5,20.843
11655,0.5,20.843
11656,0.5,20.843
11657,0.5,20.843
11658,0.5,20.843
11659,0.5,20.843
11660,0.5,20.843
11661,0.5,20.843
11662,0.5,20.843
11663,0.5,20.843
11664,0.5,20.843
11665,0.5,20.843
11666,0.5,20.843
11667,0.5,20.843
11668,0.5,20.843
11669,0.5,20.843
11670,0.5,20.843
11671,0.5,20.843
11672,0.5,20.843
11673,0.5,20.843
11674,0.5,20.843
11675,0.5,20.843
11676,0.5,20.843
11677,0.5,20.843
11678,0.5,20.843
11679,0.5,20.843
11680,0.5,20.843
11681,0.5,20.843
11682,0.5,20.843
11683,0.5,20.843
11684,0.5,20.843
11685,0.5,20.843
11686,0.5,20.843
11687,0.5,20.843
11688,0.5,20.843
11689,0.5,20.843
11690,0.5,20.843
11691,0.5,20.843
11692,0.5,20.843
11693,0.5,20.843
11694,0.5,20.843
11695,0.5,20.843
11696,0.5,20.843
11697,0.5,20.843
11698,0.5,20.843
11699,0.5,20.843
11700,0.5,20.843
11701,0.5,20.843
11702,0.5,20.843
11703,0.5,20.843
11704,0.5,20.843
11705,0.5,20.843
11706,0.5,20.843
11707,0.5,20.843
11708,0.5,20.843
11709,0.5,20.843
11710,0.5,20.843
11711,0.5,20.843
11712,0.5,20.843
11713,0.5,20.843
11714,0.5,20.843
11715,0.5,20.843
11716,0.5,20.843
11717,0.5,20.843
11718,0.5,20.843
11719,0.5,20.843
11720,0.5,20.843
11721,0.5,20.843
11722,0.5,20.843
11723,0.5,20.843
11724,0.5,20.843
11725,0.5,20.843
11726,0.5,20.843
11727,0.5,20.843
11728,0.5,20.843
11729,0.5,20.843
11730,0.5,20.843
11731,0.5,20.843
11732,0.5,20.843
11733,0.5,20.843
11734,0.5,20.843
11735,0.5,20.843
11736,0.5,20.843
11737,0.5,20.843
11738,0.5,20.843
11739,0.5,20.843
11740,0.5,20.843
11741,0.5,20.843
11742,0.5,20.843
11743,0.5,20.843
11744,0.5,20.843
11745,0.5,20.843
11746,0.5,20.843
11747,0.5,20.843
11748,0.5,20.843
11749,0.5,20.843
11750,0.5,20.843
11751,0.5,20.843
11752,0.5,20.843
11753,0.5,20.843
11754,0.5,20.843
11755,0.5,20.843
11756,0.5,20.843
11757,0.5,20.843
11758,0.5,20.843
11759,0.5,20.843
11760,0.5,20.843
11761,0.5,20.843
11762,0.5,20.843
11763,0.5,20.843
11764,0.5,20.843
11765,0.5,20.843
11766,0.5,20.843
11767,0.5,20.843
11768,0.5,20.843
11769,0.5,20.843
11770,0.5,20.843
11771,0.5,20.843
11772,0.5,20.843
11773,0.5,20.843
11774,0.5,20.843
11775,0.5,20.843
11776,0.5,20.843
11777,0.5,20.843
11778,0.5,20.843
11779,0.5,20.843
11780,0.5,20.843
11781,0.5,20.843
11782,0.5,20.843
11783,0.5,20.843
11784,0.5,20.843
11785,0.5,20.843
11786,0.5,20.843
11787,0.5,20.843
11788,0.5,20.843
11789,0.5,20.843
11790,0.5,20.843
11791,0.5,20.843
11792,0.5,20.843
11793,0.5,20.843
11794,0.5,20.843
11795,0.5,20.843
11796,0.5,20.843
11797,0.5,20.843
11798,0.5,20.843
11799,0.5,20.843
11800,0.5,20.843
11801,0.5,20.843
11802,0.5,20.843
11803,0.5,20.843
11804,0.5,20.843
11805,0.5,20.843
11806,0.5,20.843
11807,0.5,20.843
11808,0.5,20.843
11809,0.5,20.843
11810,0.5,20.843
11811,0.5,20.843
11812,0.5,20.843
11813,0.5,20.843
11814,0.5,20.843
11815,0.5,20.843
11816,0.5,20.843
11817,0.5,20.843
11818,0.5,20.843
11819,0.5,20.843
11820,0.5,20.843
11821,0.5,20.843
11822,0.5,20.843
11823,0.5,20.843
11824,0.5,20.843
11825,0.5,20.843
11826,0.5,20.843
11827,0.5,20.843
11828,0.5,20.843
11829,0.5,20.843
11830,0.5,20.843
11831,0.5,20.843
11832,0.5,20.843
11833,0.5,20.843
11834,0.5,20.843
11835,0.5,20.843
11836,0.5,20.843
11837,0.5,20.843
11838,0.5,20.843
11839,0.5,20.843
11840,0.5,20.843
11841,0.5,20.843
11842,0.5,20.843
11843,0.5,20.843
11844,0.5,20.843
11845,0.5,20.843
11846,0.5,20.843
11847,0.5,20.843
11848,0.5,20.843
11849,0.5,20.843
11850,0.5,20.843
11851,0.5,20.843
11852,0.5,20.843
11853,0.5,20.843
11854,0.5,20.843
11855,0.5,20.843
11856,0.5,20.843
11857,0.5,20.843
11858,0.5,20.843
11859,0.5,20.843
11860,0.5,20.843
11861,0.5,20.843
11862,0.5,20.843
11863,0.5,20.843
11864,0.5,20.843
11865,0.5,20.843
11866,0.5,20.843
11867,0.5,20.843
11868,0.5,20.843
11869,0.5,20.843
11870,0.5,20.843
11871,0.5,20.843
11872,0.5,20.843
11873,0.5,20.843
11874,0.5,20.843
11875,0.5,20.843
11876,0.5,20.843
11877,0.5,20.843
11878,0.5,20.843
11879,0.5,20.843
11880,0.5,20.843
11881,0.5,20.843
11882,0.5,20.843
11883,0.5,20.843
11884,0.5,20.843
11885,0.5,20.843
11886,0.5,20.843
11887,0.5,20.843
11888,0.5,20.843
11889,0.5,20.843
11890,0.5,20.843
11891,0.5,20.843
11892,0.5,20.843
11893,0.5,20.843
11894,0.5,20.843
11895,0.5,20.843
11896,0.5,20.843
11897,0.5,20.843
11898,0.5,20.843
11899,0.5,20.843
11900,0.5,20.843
11901,0.5,20.843
11902,0.5,20.843
11903,0.5,20.843
11904,0.5,20.843
11905,0.5,20.843
11906,0.5,20.843
11907,0.5,20.843
11908,0.5,20.843
11909,0.5,20.843
11910,0.5,20.843
11911,0.5,20.843
11912,0.5,20.843
11913,0.5,20.843
11914,0.5,20.843
11915,0.5,20.843
11916,0.5,20.843
11917,0.5,20.843
11918,0.5,20.843
11919,0.5,20.843
11920,0.5,20.843
11921,0.5,20.843
11922,0.5,20.843
11923,0.5,20.843
11924,0.5,20.843
11925,0.5,20.843
11926,0.5,20.843
11927,0.5,20.843
11928,0.5,20.843
11929,0.5,20.843
11930,0.5,20.843
11931,0.5,20.843
11932,0.5,20.843
11933,0.5,20.843
11934,0.5,20.843
11935,0.5,20.843
11936,0.5,20.843
11937,0.5,20.843
11938,0.5,20.843
11939,0.5,20.843
11940,0.5,20.843
11941,0.5,20.843
11942,0.5,20.843
11943,0.5,20.843
11944,0.5,20.843
11945,0.5,20.843
11946,0.5,20.843
11947,0.5,20.843
11948,0.5,20.843
11949,0.5,20.843
11950,0.5,20.843
11951,0.5,20.843
11952,0.5,20.843
11953,0.5,20.843
11954,0.5,20.843
11955,0.5,20.843
11956,0.5,20.843
11957,0.5,20.843
11958,0.5,20.843
11959,0.5,20.843
11960,0.5,20.843
11961,0.5,20.843
11962,0.5,20.843
11963,0.5,20.843
11964,0.5,20.843
11965,0.5,20.843
11966,0.5,20.843
11967,0.5,20.843
11968,0.5,20.843
11969,0.5,20.843
11970,0.5,20.843
11971,0.5,20.843
11972,0.5,20.843
11973,0.5,20.843
11974,0.5,20.843
11975,0.5,20.843
11976,0.5,20.843
11977,0.5,20.843
11978,0.5,20.843
11979,0.5,20.843
11980,0.5,20.843
11981,0.5,20.843
11982,0.5,20.843
11983,0.5,20.843
11984,0.5,20.843
11985,0.5,20.843
11986,0.5,20.843
11987,0.5,20.843
11988,0.5,20.843
11989,0.5,20.843
11990,0.5,20.843
11991,0.5,20.843
11992,0.5,20.843
11993,0.5,20.843
11994,0.5,20.843
11995,0.5,20.843
11996,0.5,20.843
11997,0.5,20.843
11998,0.5,20.843
11999,0.5,20.843
12000,0.5,20.843
12001,0.5,20.843
12002,0.5,20.843
12003,0.5,20.843
12004,0.5,20.843
12005,0.5,20.843
12006,0.5,20.843
12007,0.5,20.843
12008,0.5,20.843
12009,0.5,20.843
12010,0.5,20.843
12011,0.5,20.843
12012,0.5,20.843
12013,0.5,20.843
12014,0.5,20.843
12015,0.5,20.843
12016,0.5,20.843
12017,0.5,20.843
12018,0.5,20.843
12019,0.5,20.843
12020,0.5,20.843
12021,0.5,20.843
12022,0.5,20.843
12023,0.5,20.843
12024,0.5,20.843
12025,0.5,20.843
12026,0.5,20.843
12027,0.5,20.843
12028,0.5,20.843
12029,0.5,20.843
12030,0.5,20.843
12031,0.5,20.843
12032,0.5,20.843
12033,0.5,20.843
12034,0.5,20.843
12035,0.5,20.843
12036,0.5,20.843
12037,0.5,20.843
12038,0.5,20.843
12039,0.5,20.843
12040,0.5,20.843
12041,0.5,20.843
12042,0.5,20.843
12043,0.5,20.843
12044,0.5,20.843
12045,0.5,20.843
12046,0.5,20.843
12047,0.5,20.843
12048,0.5,20.843
12049,0.5,20.843
12050,0.5,20.843
12051,0.5,20.843
12052,0.5,20.843
12053,0.5,20.843
12054,0.5,20.843
12055,0.5,20.843
12056,0.5,20.843
12057,0.5,20.843
12058,0.5,20.843
12059,0.5,20.843
12060,0.5,20.843
12061,0.5,20.843
12062,0.5,20.843
12063,0.5,20.843
12064,0.5,20.843
12065,0.5,20.843
12066,0.5,20.843
12067,0.5,20.843
12068,0.5,20.843
12069,0.5,20.843
12070,0.5,20.843
12071,0.5,20.843
12072,0.5,20.843
12073,0.5,20.843
12074,0.5,20.843
12075,0.5,20.843
12076,0.5,20.843
12077,0.5,20.843
12078,0.5,20.843
12079,0.5,20.843
12080,0.5,20.843
12081,0.5,20.843
12082,0.5,20.843
12083,0.5,20.843
12084,0.5,20.843
12085,0.5,20.843
12086,0.5,20.843
12087,0.5,20.843
12088,0.5,20.843
12089,0.5,20.843
12090,0.5,20.843
12091,0.5,20.843
12092,0.5,20.843
12093,0.5,20.843
12094,0.5,20.843
12095,0.5,20.843
12096,0.5,20.843
12097,0.5,20.843
12098,0.5,20.843
12099,0.5,20.843
12100,0.5,20.843
12101,0.5,20.843
12102,0.5,20.843
12103,0.5,20.843
12104,0.5,20.843
12105,0.5,20.843
12106,0.5,20.843
12107,0.5,20.843
12108,0.5,20.843
12109,0.5,20.843
12110,0.5,20.843
12111,0.5,20.843
12112,0.5,20.843
12113,0.5,20.843
12114,0.5,20.843
12115,0.5,20.843
12116,0.5,20.843
12117,0.5,20.843
12118,0.5,20.843
12119,0.5,20.843
12120,0.5,20.843
12121,0.5,20.843
12122,0.5,20.843
12123,0.5,20.843
12124,0.5,20.843
12125,0.5,20.843
12126,0.5,20.843
12127,0.5,20.843
12128,0.5,20.843
12129,0.5,20.843
12130,0.5,20.843
12131,0.5,20.843
12132,0.5,20.843
12133,0.5,20.843
12134,0.5,20.843
12135,0.5,20.843
12136,0.5,20.843
12137,0.5,20.843
12138,0.5,20.843
12139,0.5,20.843
12140,0.5,20.843
12141,0.5,20.843
12142,0.5,20.843
12143,0.5,20.843
12144,0.5,20.843
12145,0.5,20.843
12146,0.5,20.843
12147,0.5,20.843
12148,0.5,20.843
12149,0.5,20.843
12150,0.5,20.843
12151,0.5,20.843
12152,0.5,20.843
12153,0.5,20.843
12154,0.5,20.843
12155,0.5,20.843
12156,0.5,20.843
12157,0.5,20.843
12158,0.5,20.843
12159,0.5,20.843
12160,0.5,20.843
12161,0.5,20.843
12162,0.5,20.843
12163,0.5,20.843
12164,0.5,20.843
12165,0.5,20.843
12166,0.5,20.843
12167,0.5,20.843
12168,0.5,20.843
12169,0.5,20.843
12170,0.5,20.843
12171,0.5,20.843
12172,0.5,20.843
12173,0.5,20.843
12174,0.5,20.843
12175,0.5,20.843
12176,0.5,20.843
12177,0.5,20.843
12178,0.5,20.843
12179,0.5,20.843
12180,0.5,20.843
12181,0.5,20.843
12182,0.5,20.843
12183,0.5,20.843
12184,0.5,20.843
12185,0.5,20.843
12186,0.5,20.843
12187,0.5,20.843
12188,0.5,20.843
12189,0.5,20.843
12190,0.5,20.843
12191,0.5,20.843
12192,0.5,20.843
12193,0.5,20.843
12194,0.5,20.843
12195,0.5,20.843
12196,0.5,20.843
12197,0.5,20.843
12198,0.5,20.843
12199,0.5,20.843
12200,0.5,20.843
12201,0.5,20.843
12202,0.5,20.843
12203,0.5,20.843
12204,0.5,20.843
12205,0.5,20.843
12206,0.5,20.843
12207,0.5,20.843
12208,0.5,20.843
12209,0.5,20.843
12210,0.5,20.843
12211,0.5,20.843
12212,0.5,20.843
12213,0.5,20.843
12214,0.5,20.843
12215,0.5,20.843
12216,0.5,20.843
12217,0.5,20.843
12218,0.5,20.843
12219,0.5,20.843
12220,0.5,20.843
12221,0.5,20.843
12222,0.5,20.843
12223,0.5,20.843
12224,0.5,20.843
12225,0.5,20.843
12226,0.5,20.843
12227,0.5,20.843
12228,0.5,20.843
12229,0.5,20.843
12230,0.5,20.843
12231,0.5,20.843
12232,0.5,20.843
12233,0.5,20.843
12234,0.5,20.843
12235,0.5,20.843
12236,0.5,20.843
12237,0.5,20.843
12238,0.5,20.843
12239,0.5,20.843
12240,0.5,20.843
12241,0.5,20.843
12242,0.5,20.843
12243,0.5,20.843
12244,0.5,20.843
12245,0.5,20.843
12246,0.5,20.843
12247,0.5,20.843
12248,0.5,20.843
12249,0.5,20.843
12250,0.5,20.843
12251,0.5,20.843
12252,0.5,20.843
12253,0.5,20.843
12254,0.5,20.843
12255,0.5,20.843
12256,0.5,20.843
12257,0.5,20.843
12258,0.5,20.843
12259,0.5,20.843
12260,0.5,20.843
12261,0.5,20.843
12262,0.5,20.843
12263,0.5,20.843
12264,0.5,20.843
12265,0.5,20.843
12266,0.5,20.843
12267,0.5,20.843
12268,0.5,20.843
12269,0.5,20.843
12270,0.5,20.843
12271,0.5,20.843
12272,0.5,20.843
12273,0.5,20.843
12274,0.5,20.843
12275,0.5,20.843
12276,0.5,20.843
12277,0.5,20.843
12278,0.5,20.843
12279,0.5,20.843
12280,0.5,20.843
12281,0.5,20.843
12282,0.5,20.843
12283,0.5,20.843
12284,0.5,20.843
12285,0.5,20.843
12286,0.5,20.843
12287,0.5,20.843
12288,0.5,20.843
12289,0.5,20.843
12290,0.5,20.843
12291,0.5,20.843
12292,0.5,20.843
12293,0.5,20.843
12294,0.5,20.843
12295,0.5,20.843
12296,0.5,20.843
12297,0.5,20.843
12298,0.5,20.843
12299,0.5,20.843
12300,0.5,20.843
12301,0.5,20.843
12302,0.5,20.843
12303,0.5,20.843
12304,0.5,20.843
12305,0.5,20.843
12306,0.5,20.843
12307,0.5,20.843
12308,0.5,20.843
12309,0.5,20.843
12310,0.5,20.843
12311,0.5,20.843
12312,0.5,20.843
12313,0.5,20.843
12314,0.5,20.843
12315,0.5,20.843
12316,0.5,20.843
12317,0.5,20.843
12318,0.5,20.843
12319,0.5,20.843
12320,0.5,20.843
12321,0.5,20.843
12322,0.5,20.843
12323,0.5,20.843
12324,0.5,20.843
12325,0.5,20.843
12326,0.5,20.843
12327,0.5,20.843
12328,0.5,20.843
12329,0.5,20.843
12330,0.5,20.843
12331,0.5,20.843
12332,0.5,20.843
12333,0.5,20.843
12334,0.5,20.843
12335,0.5,20.843
12336,0.5,20.843
12337,0.5,20.843
12338,0.5,20.843
12339,0.5,20.843
12340,0.5,20.843
12341,0.5,20.843
12342,0.5,20.843
12343,0.5,20.843
12344,0.5,20.843
12345,0.5,20.843
12346,0.5,20.843
12347,0.5,20.843
12348,0.5,20.843
12349,0.5,20.843
12350,0.5,20.843
12351,0.5,20.843
12352,0.5,20.843
12353,0.5,20.843
12354,0.5,20.843
12355,0.5,20.843
12356,0.5,20.843
12357,0.5,20.843
12358,0.5,20.843
12359,0.5,20.843
12360,0.5,20.843
12361,0.5,20.843
12362,0.5,20.843
12363,0.5,20.843
12364,0.5,20.843
12365,0.5,20.843
12366,0.5,20.843
12367,0.5,20.843
12368,0.5,20.843
12369,0.5,20.843
12370,0.5,20.843
12371,0.5,20.843
12372,0.5,20.843
12373,0.5,20.843
12374,0.5,20.843
12375,0.5,20.843
12376,0.5,20.843
12377,0.5,20.843
12378,0.5,20.843
12379,0.5,20.843
12380,0.5,20.843
12381,0.5,20.843
12382,0.5,20.843
12383,0.5,20.843
12384,0.5,20.843
12385,0.5,20.843
12386,0.5,20.843
12387,0.5,20.843
12388,0.5,20.843
12389,0.5,20.843
12390,0.5,20.843
12391,0.5,20.843
12392,0.5,20.843
12393,0.5,20.843
12394,0.5,20.843
12395,0.5,20.843
12396,0.5,20.843
12397,0.5,20.843
12398,0.5,20.843
12399,0.5,20.843
12400,0.5,20.843
12401,0.5,20.843
12402,0.5,20.843
12403,0.5,20.843
12404,0.5,20.843
12405,0.5,20.843
12406,0.5,20.843
12407,0.5,20.843
12408,0.5,20.843
12409,0.5,20.843
12410,0.5,20.843
12411,0.5,20.843
12412,0.5,20.843
12413,0.5,20.843
12414,0.5,20.843
12415,0.5,20.843
12416,0.5,20.843
12417,0.5,20.843
12418,0.5,20.843
12419,0.5,20.843
12420,0.5,20.843
12421,0.5,20.843
12422,0.5,20.843
12423,0.5,20.843
12424,0.5,20.843
12425,0.5,20.843
12426,0.5,20.843
12427,0.5,20.843
12428,0.5,20.843
12429,0.5,20.843
12430,0.5,20.843
12431,0.5,20.843
12432,0.5,20.843
12433,0.5,20.843
12434,0.5,20.843
12435,0.5,20.843
12436,0.5,20.843
12437,0.5,20.843
12438,0.5,20.843
12439,0.5,20.843
12440,0.5,20.843
12441,0.5,20.843
12442,0.5,20.843
12443,0.5,20.843
12444,0.5,20.843
12445,0.5,20.843
12446,0.5,20.843
12447,0.5,20.843
12448,0.5,20.843
12449,0.5,20.843
12450,0.5,20.843
12451,0.5,20.843
12452,0.5,20.843
12453,0.5,20.843
12454,0.5,20.843
12455,0.5,20.843
12456,0.5,20.843
12457,0.5,20.843
12458,0.5,20.843
12459,0.5,20.843
12460,0.5,20.843
12461,0.5,20.843
12462,0.5,20.843
12463,0.5,20.843
12464,0.5,20.843
12465,0.5,20.843
12466,0.5,20.843
12467,0.5,20.843
12468,0.5,20.843
12469,0.5,20.843
12470,0.5,20.843
12471,0.5,20.843
12472,0.5,20.843
12473,0.5,20.843
12474,0.5,20.843
12475,0.5,20.843
12476,0.5,20.843
12477,0.5,20.843
12478,0.5,20.843
12479,0.5,20.843
12480,0.5,20.843
12481,0.5,20.843
12482,0.5,20.843
12483,0.5,20.843
12484,0.5,20.843
12485,0.5,20.843
12486,0.5,20.843
12487,0.5,20.843
12488,0.5,20.843
12489,0.5,20.843
12490,0.5,20.843
12491,0.5,20.843
12492,0.5,20.843
12493,0.5,20.843
12494,0.5,20.843
12495,0.5,20.843
12496,0.5,20.843
12497,0.5,20.843
12498,0.5,20.843
12499,0.5,20.843
12500,0.5,20.843
12501,0.5,20.843
12502,0.5,20.843
12503,0.5,20.843
12504,0.5,20.843
12505,0.5,20.843
12506,0.5,20.843
12507,0.5,20.843
12508,0.5,20.843
12509,0.5,20.843
12510,0.5,20.843
12511,0.5,20.843
12512,0.5,20.843
12513,0.5,20.843
12514,0.5,20.843
12515,0.5,20.843
12516,0.5,20.843
12517,0.5,20.843
12518,0.5,20.843
12519,0.5,20.843
12520,0.5,20.843
12521,0.5,20.843
12522,0.5,20.843
12523,0.5,20.843
12524,0.5,20.843
12525,0.5,20.843
12526,0.5,20.843
12527,0.5,20.843
12528,0.5,20.843
12529,0.5,20.843
12530,0.5,20.843
12531,0.5,20.843
12532,0.5,20.843
12533,0.5,20.843
12534,0.5,20.843
12535,0.5,20.843
12536,0.5,20.843
12537,0.5,20.843
12538,0.5,20.843
12539,0.5,20.843
12540,0.5,20.843
12541,0.5,20.843
12542,0.5,20.843
12543,0.5,20.843
12544,0.5,20.843
12545,0.5,20.843
12546,0.5,20.843
12547,0.5,20.843
12548,0.5,20.843
12549,0.5,20.843
12550,0.5,20.843
12551,0.5,20.843
12552,0.5,20.843
12553,0.5,20.843
12554,0.5,20.843
12555,0.5,20.843
12556,0.5,20.843
12557,0.5,20.843
12558,0.5,20.843
12559,0.5,20.843
12560,0.5,20.843
12561,0.5,20.843
12562,0.5,20.843
12563,0.5,20.843
12564,0.5,20.843
12565,0.5,20.843
12566,0.5,20.843
12567,0.5,20.843
12568,0.5,20.843
12569,0.5,20.843
12570,0.5,20.843
12571,0.5,20.843
12572,0.5,20.843
12573,0.5,20.843
12574,0.5,20.843
12575,0.5,20.843
12576,0.5,20.843
12577,0.5,20.843
12578,0.5,20.843
12579,0.5,20.843
12580,0.5,20.843
12581,0.5,20.843
12582,0.5,20.843
12583,0.5,20.843
12584,0.5,20.843
12585,0.5,20.843
12586,0.5,20.843
12587,0.5,20.843
12588,0.5,20.843
12589,0.5,20.843
12590,0.5,20.843
12591,0.5,20.843
12592,0.5,20.843
12593,0.5,20.843
12594,0.5,20.843
12595,0.5,20.843
12596,0.5,20.843
12597,0.5,20.843
12598,0.5,20.843
12599,0.5,20.843
12600,0.5,20.843
12601,0.5,20.843
12602,0.5,20.843
12603,0.5,20.843
12604,0.5,20.843
12605,0.5,20.843
12606,0.5,20.843
12607,0.5,20.843
12608,0.5,20.843
12609,0.5,20.843
12610,0.5,20.843
12611,0.5,20.843
12612,0.5,20.843
12613,0.5,20.843
12614,0.5,20.843
12615,0.5,20.843
12616,0.5,20.843
12617,0.5,20.843
12618,0.5,20.843
12619,0.5,20.843
12620,0.5,20.843
12621,0.5,20.843
12622,0.5,20.843
12623,0.5,20.843
12624,0.5,20.843
12625,0.5,20.843
12626,0.5,20.843
12627,0.5,20.843
12628,0.5,20.843
12629,0.5,20.843
12630,0.5,20.843
12631,0.5,20.843
12632,0.5,20.843
12633,0.5,20.843
12634,0.5,20.843
12635,0.5,20.843
12636,0.5,20.843
12637,0.5,20.843
12638,0.5,20.843
12639,0.5,20.843
12640,0.5,20.843
12641,0.5,20.843
12642,0.5,20.843
12643,0.5,20.843
12644,0.5,20.843
12645,0.5,20.843
12646,0.5,20.843
12647,0.5,20.843
12648,0.5,20.843
12649,0.5,20.843
12650,0.5,20.843
12651,0.5,20.843
12652,0.5,20.843
12653,0.5,20.843
12654,0.5,20.843
12655,0.5,20.843
12656,0.5,20.843
12657,0.5,20.843
12658,0.5,20.843
12659,0.5,20.843
12660,0.5,20.843
12661,0.5,20.843
12662,0.5,20.843
12663,0.5,20.843
12664,0.5,20.843
12665,0.5,20.843
12666,0.5,20.843
12667,0.5,20.843
12668,0.5,20.843
12669,0.5,20.843
12670,0.5,20.843
12671,0.5,20.843
12672,0.5,20.843
12673,0.5,20.843
12674,0.5,20.843
12675,0.5,20.843
12676,0.5,20.843
12677,0.5,20.843
12678,0.5,20.843
12679,0.5,20.843
12680,0.5,20.843
12681,0.5,20.843
12682,0.5,20.843
12683,0.5,20.843
12684,0.5,20.843
12685,0.5,20.843
12686,0.5,20.843
12687,0.5,20.843
12688,0.5,20.843
12689,0.5,20.843
12690,0.5,20.843
12691,0.5,20.843
12692,0.5,20.843
12693,0.5,20.843
12694,0.5,20.843
12695,0.5,20.843
12696,0.5,20.843
12697,0.5,20.843
12698,0.5,20.843
12699,0.5,20.843
12700,0.5,20.843
12701,0.5,20.843
12702,0.5,20.843
12703,0.5,20.843
12704,0.5,20.843
12705,0.5,20.843
12706,0.5,20.843
12707,0.5,20.843
12708,0.5,20.843
12709,0.5,20.843
12710,0.5,20.843
12711,0.5,20.843
12712,0.5,20.843
12713,0.5,20.843
12714,0.5,20.843
12715,0.5,20.843
12716,0.5,20.843
12717,0.5,20.843
12718,0.5,20.843
12719,0.5,20.843
12720,0.5,20.843
12721,0.5,20.843
12722,0.5,20.843
12723,0.5,20.843
12724,0.5,20.843
12725,0.5,20.843
12726,0.5,20.843
12727,0.5,20.843
12728,0.5,20.843
12729,0.5,20.843
12730,0.5,20.843
12731,0.5,20.843
12732,0.5,20.843
12733,0.5,20.843
12734,0.5,20.843
12735,0.5,20.843
12736,0.5,20.843
12737,0.5,20.843
12738,0.5,20.843
12739,0.5,20.843
12740,0.5,20.843
12741,0.5,20.843
12742,0.5,20.843
12743,0.5,20.843
12744,0.5,20.843
12745,0.5,20.843
12746,0.5,20.843
12747,0.5,20.843
12748,0.5,20.843
12749,0.5,20.843
12750,0.5,20.843
12751,0.5,20.843
12752,0.5,20.843
12753,0.5,20.843
12754,0.5,20.843
12755,0.5,20.843
12756,0.5,20.843
12757,0.5,20.843
12758,0.5,20.843
12759,0.5,20.843
12760,0.5,20.843
12761,0.5,20.843
12762,0.5,20.843
12763,0.5,20.843
12764,0.5,20.843
12765,0.5,20.843
12766,0.5,20.843
12767,0.5,20.843
12768,0.5,20.843
12769,0.5,20.843
12770,0.5,20.843
12771,0.5,20.843
12772,0.5,20.843
12773,0.5,20.843
12774,0.5,20.843
12775,0.5,20.843
12776,0.5,20.843
12777,0.5,20.843
12778,0.5,20.843
12779,0.5,20.843
12780,0.5,20.843
12781,0.5,20.843
12782,0.5,20.843
12783,0.5,20.843
12784,0.5,20.843
12785,0.5,20.843
12786,0.5,20.843
12787,0.5,20.843
12788,0.5,20.843
12789,0.5,20.843
12790,0.5,20.843
12791,0.5,20.843
12792,0.5,20.843
12793,0.5,20.843
12794,0.5,20.843
12795,0.5,20.843
12796,0.5,20.843
12797,0.5,20.843
12798,0.5,20.843
12799,0.5,20.843
12800,0.5,20.843
12801,0.5,20.843
12802,0.5,20.843
12803,0.5,20.843
12804,0.5,20.843
12805,0.5,20.843
12806,0.5,20.843
12807,0.5,20.843
12808,0.5,20.843
12809,0.5,20.843
12810,0.5,20.843
12811,0.5,20.843
12812,0.5,20.843
12813,0.5,20.843
12814,0.5,20.843
12815,0.5,20.843
12816,0.5,20.843
12817,0.5,20.843
12818,0.5,20.843
12819,0.5,20.843
12820,0.5,20.843
12821,0.5,20.843
12822,0.5,20.843
12823,0.5,20.843
12824,0.5,20.843
12825,0.5,20.843
12826,0.5,20.843
12827,0.5,20.843
12828,0.5,20.843
12829,0.5,20.843
12830,0.5,20.843
12831,0.5,20.843
12832,0.5,20.843
12833,0.5,20.843
12834,0.5,20.843
12835,0.5,20.843
12836,0.5,20.843
12837,0.5,20.843
12838,0.5,20.843
12839,0.5,20.843
12840,0.5,20.843
12841,0.5,20.843
12842,0.5,20.843
12843,0.5,20.843
12844,0.5,20.843
12845,0.5,20.843
12846,0.5,20.843
12847,0.5,20.843
12848,0.5,20.843
12849,0.5,20.843
12850,0.5,20.843
12851,0.5,20.843
12852,0.5,20.843
12853,0.5,20.843
12854,0.5,20.843
12855,0.5,20.843
12856,0.5,20.843
12857,0.5,20.843
12858,0.5,20.843
12859,0.5,20.843
12860,0.5,20.843
12861,0.5,20.843
12862,0.5,20.843
12863,0.5,20.843
12864,0.5,20.843
12865,0.5,20.843
12866,0.5,20.843
12867,0.5,20.843
12868,0.5,20.843
12869,0.5,20.843
12870,0.5,20.843
12871,0.5,20.843
12872,0.5,20.843
12873,0.5,20.843
12874,0.5,20.843
12875,0.5,20.843
12876,0.5,20.843
12877,0.5,20.843
12878,0.5,20.843
12879,0.5,20.843
12880,0.5,20.843
12881,0.5,20.843
12882,0.5,20.843
12883,0.5,20.843
12884,0.5,20.843
12885,0.5,20.843
12886,0.5,20.843
12887,0.5,20.843
12888,0.5,20.843
12889,0.5,20.843
12890,0.5,20.843
12891,0.5,20.843
12892,0.5,20.843
12893,0.5,20.843
12894,0.5,20.843
12895,0.5,20.843
12896,0.5,20.843
12897,0.5,20.843
12898,0.5,20.843
12899,0.5,20.843
12900,0.5,20.843
12901,0.5,20.843
12902,0.5,20.843
12903,0.5,20.843
12904,0.5,20.843
12905,0.5,20.843
12906,0.5,20.843
12907,0.5,20.843
12908,0.5,20.843
12909,0.5,20.843
12910,0.5,20.843
12911,0.5,20.843
12912,0.5,20.843
12913,0.5,20.843
12914,0.5,20.843
12915,0.5,20.843
12916,0.5,20.843
12917,0.5,20.843
12918,0.5,20.843
12919,0.5,20.843
12920,0.5,20.843
12921,0.5,20.843
12922,0.5,20.843
12923,0.5,20.843
12924,0.5,20.843
12925,0.5,20.843
12926,0.5,20.843
12927,0.5,20.843
12928,0.5,20.843
12929,0.5,20.843
12930,0.5,20.843
12931,0.5,20.843
12932,0.5,20.843
12933,0.5,20.843
12934,0.5,20.843
12935,0.5,20.843
12936,0.5,20.843
12937,0.5,20.843
12938,0.5,20.843
12939,0.5,20.843
12940,0.5,20.843
12941,0.5,20.843
12942,0.5,20.843
12943,0.5,20.843
12944,0.5,20.843
12945,0.5,20.843
12946,0.5,20.843
12947,0.5,20.843
12948,0.5,20.843
12949,0.5,20.843
12950,0.5,20.843
12951,0.5,20.843
12952,0.5,20.843
12953,0.5,20.843
12954,0.5,20.843
12955,0.5,20.843
12956,0.5,20.843
12957,0.5,20.843
12958,0.5,20.843
12959,0.5,20.843
12960,0.5,20.843
12961,0.5,20.843
12962,0.5,20.843
12963,0.5,20.843
12964,0.5,20.843
12965,0.5,20.843
12966,0.5,20.843
12967,0.5,20.843
12968,0.5,20.843
12969,0.5,20.843
12970,0.5,20.843
12971,0.5,20.843
12972,0.5,20.843
12973,0.5,20.843
12974,0.5,20.843
12975,0.5,20.843
12976,0.5,20.843
12977,0.5,20.843
12978,0.5,20.843
12979,0.5,20.843
12980,0.5,20.843
12981,0.5,20.843
12982,0.5,20.843
12983,0.5,20.843
12984,0.5,20.843
12985,0.5,20.843
12986,0.5,20.843
12987,0.5,20.843
12988,0.5,20.843
12989,0.5,20.843
12990,0.5,20.843
12991,0.5,20.843
12992,0.5,20.843
12993,0.5,20.843
12994,0.5,20.843
12995,0.5,20.843
12996,0.5,20.843
12997,0.5,20.843
12998,0.5,20.843
12999,0.5,20.843
13000,0.5,20.843
13001,0.5,20.843
13002,0.5,20.843
13003,0.5,20.843
13004,0.5,20.843
13005,0.5,20.843
13006,0.5,20.843
13007,0.5,20.843
13008,0.5,20.843
13009,0.5,20.843
13010,0.5,20.843
13011,0.5,20.843
13012,0.5,20.843
13013,0.5,20.843
13014,0.5,20.843
13015,0.5,20.843
13016,0.5,20.843
13017,0.5,20.843
13018,0.5,20.843
13019,0.5,20.843
13020,0.5,20.843
13021,0.5,20.843
13022,0.5,20.843
13023,0.5,20.843
13024,0.5,20.843
13025,0.5,20.843
13026,0.5,20.843
13027,0.5,20.843
13028,0.5,20.843
13029,0.5,20.843
13030,0.5,20.843
13031,0.5,20.843
13032,0.5,20.843
13033,0.5,20.843
13034,0.5,20.843
13035,0.5,20.843
13036,0.5,20.843
13037,0.5,20.843
13038,0.5,20.843
13039,0.5,20.843
13040,0.5,20.843
13041,0.5,20.843
13042,0.5,20.843
13043,0.5,20.843
13044,0.5,20.843
13045,0.5,20.843
13046,0.5,20.843
13047,0.5,20.843
13048,0.5,20.843
13049,0.5,20.843
13050,0.5,20.843
13051,0.5,20.843
13052,0.5,20.843
13053,0.5,20.843
13054,0.5,20.843
13055,0.5,20.843
13056,0.5,20.843
13057,0.5,20.843
13058,0.5,20.843
13059,0.5,20.843
13060,0.5,20.843
13061,0.5,20.843
13062,0.5,20.843
13063,0.5,20.843
13064,0.5,20.843
13065,0.5,20.843
13066,0.5,20.843
13067,0.5,20.843
13068,0.5,20.843
13069,0.5,20.843
13070,0.5,20.843
13071,0.5,20.843
13072,0.5,20.843
13073,0.5,20.843
13074,0.5,20.843
13075,0.5,20.843
13076,0.5,20.843
13077,0.5,20.843
13078,0.5,20.843
13079,0.5,20.843
13080,0.5,20.843
13081,0.5,20.843
13082,0.5,20.843
13083,0.5,20.843
13084,0.5,20.843
13085,0.5,20.843
13086,0.5,20.843
13087,0.5,20.843
13088,0.5,20.843
13089,0.5,20.843
13090,0.5,20.843
13091,0.5,20.843
13092,0.5,20.843
13093,0.5,20.843
13094,0.5,20.843
13095,0.5,20.843
13096,0.5,20.843
13097,0.5,20.843
13098,0.5,20.843
13099,0.5,20.843
13100,0.5,20.843
13101,0.5,20.843
13102,0.5,20.843
13103,0.5,20.843
13104,0.5,20.843
13105,0.5,20.843
13106,0.5,20.843
13107,0.5,20.843
13108,0.5,20.843
13109,0.5,20.843
13110,0.5,20.843
13111,0.5,20.843
13112,0.5,20.843
13113,0.5,20.843
13114,0.5,20.843
13115,0.5,20.843
13116,0.5,20.843
13117,0.5,20.843
13118,0.5,20.843
13119,0.5,20.843
13120,0.5,20.843
13121,0.5,20.843
13122,0.5,20.843
13123,0.5,20.843
13124,0.5,20.843
13125,0.5,20.843
13126,0.5,20.843
13127,0.5,20.843
13128,0.5,20.843
13129,0.5,20.843
13130,0.5,20.843
13131,0.5,20.843
13132,0.5,20.843
13133,0.5,20.843
13134,0.5,20.843
13135,0.5,20.843
13136,0.5,20.843
13137,0.5,20.843
13138,0.5,20.843
13139,0.5,20.843
13140,0.5,20.843
13141,0.5,20.843
13142,0.5,20.843
13143,0.5,20.843
13144,0.5,20.843
13145,0.5,20.843
13146,0.5,20.843
13147,0.5,20.843
13148,0.5,20.843
13149,0.5,20.843
13150,0.5,20.843
13151,0.5,20.843
13152,0.5,20.843
13153,0.5,20.843
13154,0.5,20.843
13155,0.5,20.843
13156,0.5,20.843
13157,0.5,20.843
13158,0.5,20.843
13159,0.5,20.843
13160,0.5,20.843
13161,0.5,20.843
13162,0.5,20.843
13163,0.5,20.843
13164,0.5,20.843
13165,0.5,20.843
13166,0.5,20.843
13167,0.5,20.843
13168,0.5,20.843
13169,0.5,20.843
13170,0.5,20.843
13171,0.5,20.843
13172,0.5,20.843
13173,0.5,20.843
13174,0.5,20.843
13175,0.5,20.843
13176,0.5,20.843
13177,0.5,20.843
13178,0.5,20.843
13179,0.5,20.843
13180,0.5,20.843
13181,0.5,20.843
13182,0.5,20.843
13183,0.5,20.843
13184,0.5,20.843
13185,0.5,20.843
13186,0.5,20.843
13187,0.5,20.843
13188,0.5,20.843
13189,0.5,20.843
13190,0.5,20.843
13191,0.5,20.843
13192,0.5,20.843
13193,0.5,20.843
13194,0.5,20.843
13195,0.5,20.843
13196,0.5,20.843
13197,0.5,20.843
13198,0.5,20.843
13199,0.5,20.843
13200,0.5,20.843
13201,0.5,20.843
13202,0.5,20.843
13203,0.5,20.843
13204,0.5,20.843
13205,0.5,20.843
13206,0.5,20.843
13207,0.5,20.843
13208,0.5,20.843
13209,0.5,20.843
13210,0.5,20.843
13211,0.5,20.843
13212,0.5,20.843
13213,0.5,20.843
13214,0.5,20.843
13215,0.5,20.843
13216,0.5,20.843
13217,0.5,20.843
13218,0.5,20.843
13219,0.5,20.843
13220,0.5,20.843
13221,0.5,20.843
13222,0.5,20.843
13223,0.5,20.843
13224,0.5,20.843
13225,0.5,20.843
13226,0.5,20.843
13227,0.5,20.843
13228,0.5,20.843
13229,0.5,20.843
13230,0.5,20.843
13231,0.5,20.843
13232,0.5,20.843
13233,0.5,20.843
13234,0.5,20.843
13235,0.5,20.843
13236,0.5,20.843
13237,0.5,20.843
13238,0.5,20.843
13239,0.5,20.843
13240,0.5,20.843
13241,0.5,20.843
13242,0.5,20.843
13243,0.5,20.843
13244,0.5,20.843
13245,0.5,20.843
13246,0.5,20.843
13247,0.5,20.843
13248,0.5,20.843
13249,0.5,20.843
13250,0.5,20.843
13251,0.5,20.843
13252,0.5,20.843
13253,0.5,20.843
13254,0.5,20.843
13255,0.5,20.843
13256,0.5,20.843
13257,0.5,20.843
13258,0.5,20.843
13259,0.5,20.843
13260,0.5,20.843
13261,0.5,20.843
13262,0.5,20.843
13263,0.5,20.843
13264,0.5,20.843
13265,0.5,20.843
13266,0.5,20.843
13267,0.5,20.843
13268,0.5,20.843
13269,0.5,20.843
13270,0.5,20.843
13271,0.5,20.843
13272,0.5,20.843
13273,0.5,20.843
13274,0.5,20.843
13275,0.5,20.843
13276,0.5,20.843
13277,0.5,20.843
13278,0.5,20.843
13279,0.5,20.843
13280,0.5,20.843
13281,0.5,20.843
13282,0.5,20.843
13283,0.5,20.843
13284,0.5,20.843
13285,0.5,20.843
13286,0.5,20.843
13287,0.5,20.843
13288,0.5,20.843
13289,0.5,20.843
13290,0.5,20.843
13291,0.5,20.843
13292,0.5,20.843
13293,0.5,20.843
13294,0.5,20.843
13295,0.5,20.843
13296,0.5,20.843
13297,0.5,20.843
13298,0.5,20.843
13299,0.5,20.843
13300,0.5,20.843
13301,0.5,20.843
13302,0.5,20.843
13303,0.5,20.843
13304,0.5,20.843
13305,0.5,20.843
13306,0.5,20.843
13307,0.5,20.843
13308,0.5,20.843
13309,0.5,20.843
13310,0.5,20.843
13311,0.5,20.843
13312,0.5,20.843
13313,0.5,20.843
13314,0.5,20.843
13315,0.5,20.843
13316,0.5,20.843
13317,0.5,20.843
13318,0.5,20.843
13319,0.5,20.843
13320,0.5,20.843
13321,0.5,20.843
13322,0.5,20.843
13323,0.5,20.843
13324,0.5,20.843
13325,0.5,20.843
13326,0.5,20.843
13327,0.5,20.843
13328,0.5,20.843
13329,0.5,20.843
13330,0.5,20.843
13331,0.5,20.843
13332,0.5,20.843
13333,0.5,20.843
13334,0.5,20.843
13335,0.5,20.843
13336,0.5,20.843
13337,0.5,20.843
13338,0.5,20.843
13339,0.5,20.843
13340,0.5,20.843
13341,0.5,20.843
13342,0.5,20.843
13343,0.5,20.843
13344,0.5,20.843
13345,0.5,20.843
13346,0.5,20.843
13347,0.5,20.843
13348,0.5,20.843
13349,0.5,20.843
13350,0.5,20.843
13351,0.5,20.843
13352,0.5,20.843
13353,0.5,20.843
13354,0.5,20.843
13355,0.5,20.843
13356,0.5,20.843
13357,0.5,20.843
13358,0.5,20.843
13359,0.5,20.843
13360,0.5,20.843
13361,0.5,20.843
13362,0.5,20.843
13363,0.5,20.843
13364,0.5,20.843
13365,0.5,20.843
13366,0.5,20.843
13367,0.5,20.843
13368,0.5,20.843
13369,0.5,20.843
13370,0.5,20.843
13371,0.5,20.843
13372,0.5,20.843
13373,0.5,20.843
13374,0.5,20.843
13375,0.5,20.843
13376,0.5,20.843
13377,0.5,20.843
13378,0.5,20.843
13379,0.5,20.843
13380,0.5,20.843
13381,0.5,20.843
13382,0.5,20.843
13383,0.5,20.843
13384,0.5,20.843
13385,0.5,20.843
13386,0.5,20.843
13387,0.5,20.843
13388,0.5,20.843
13389,0.5,20.843
13390,0.5,20.843
13391,0.5,20.843
13392,0.5,20.843
13393,0.5,20.843
13394,0.5,20.843
13395,0.5,20.843
13396,0.5,20.843
13397,0.5,20.843
13398,0.5,20.843
13399,0.5,20.843
13400,0.5,20.843
13401,0.5,20.843
13402,0.5,20.843
13403,0.5,20.843
13404,0.5,20.843
13405,0.5,20.843
13406,0.5,20.843
13407,0.5,20.843
13408,0.5,20.843
13409,0.5,20.843
13410,0.5,20.843
13411,0.5,20.843
13412,0.5,20.843
13413,0.5,20.843
13414,0.5,20.843
13415,0.5,20.843
13416,0.5,20.843
13417,0.5,20.843
13418,0.5,20.843
13419,0.5,20.843
13420,0.5,20.843
13421,0.5,20.843
13422,0.5,20.843
13423,0.5,20.843
13424,0.5,20.843
13425,0.5,20.843
13426,0.5,20.843
13427,0.5,20.843
13428,0.5,20.843
13429,0.5,20.843
13430,0.5,20.843
13431,0.5,20.843
13432,0.5,20.843
13433,0.5,20.843
13434,0.5,20.843
13435,0.5,20.843
13436,0.5,20.843
13437,0.5,20.843
13438,0.5,20.843
13439,0.5,20.843
13440,0.5,20.843
13441,0.5,20.843
13442,0.5,20.843
13443,0.5,20.843
13444,0.5,20.843
13445,0.5,20.843
13446,0.5,20.843
13447,0.5,20.843
13448,0.5,20.843
13449,0.5,20.843
13450,0.5,20.843
13451,0.5,20.843
13452,0.5,20.843
13453,0.5,20.843
13454,0.5,20.843
13455,0.5,20.843
13456,0.5,20.843
13457,0.5,20.843
13458,0.5,20.843
13459,0.5,20.843
13460,0.5,20.843
13461,0.5,20.843
13462,0.5,20.843
13463,0.5,20.843
13464,0.5,20.843
13465,0.5,20.843
13466,0.5,20.843
13467,0.5,20.843
13468,0.5,20.843
13469,0.5,20.843
13470,0.5,20.843
13471,0.5,20.843
13472,0.5,20.843
13473,0.5,20.843
13474,0.5,20.843
13475,0.5,20.843
13476,0.5,20.843
13477,0.5,20.843
13478,0.5,20.843
13479,0.5,20.843
13480,0.5,20.843
13481,0.5,20.843
13482,0.5,20.843
13483,0.5,20.843
13484,0.5,20.843
13485,0.5,20.843
13486,0.5,20.843
13487,0.5,20.843
13488,0.5,20.843
13489,0.5,20.843
13490,0.5,20.843
13491,0.5,20.843
13492,0.5,20.843
13493,0.5,20.843
13494,0.5,20.843
13495,0.5,20.843
13496,0.5,20.843
13497,0.5,20.843
13498,0.5,20.843
13499,0.5,20.843
13500,0.5,20.843
13501,0.5,20.843
13502,0.5,20.843
13503,0.5,20.843
13504,0.5,20.843
13505,0.5,20.843
13506,0.5,20.843
13507,0.5,20.843
13508,0.5,20.843
13509,0.5,20.843
13510,0.5,20.843
13511,0.5,20.843
13512,0.5,20.843
13513,0.5,20.843
13514,0.5,20.843
13515,0.5,20.843
13516,0.5,20.843
13517,0.5,20.843
13518,0.5,20.843
13519,0.5,20.843
13520,0.5,20.843
13521,0.5,20.843
13522,0.5,20.843
13523,0.5,20.843
13524,0.5,20.843
13525,0.5,20.843
13526,0.5,20.843
13527,0.5,20.843
13528,0.5,20.843
13529,0.5,20.843
13530,0.5,20.843
13531,0.5,20.843
13532,0.5,20.843
13533,0.5,20.843
13534,0.5,20.843
13535,0.5,20.843
13536,0.5,20.843
13537,0.5,20.843
13538,0.5,20.843
13539,0.5,20.843
13540,0.5,20.843
13541,0.5,20.843
13542,0.5,20.843
13543,0.5,20.843
13544,0.5,20.843
13545,0.5,20.843
13546,0.5,20.843
13547,0.5,20.843
13548,0.5,20.843
13549,0.5,20.843
13550,0.5,20.843
13551,0.5,20.843
13552,0.5,20.843
13553,0.5,20.843
13554,0.5,20.843
13555,0.5,20.843
13556,0.5,20.843
13557,0.5,20.843
13558,0.5,20.843
13559,0.5,20.843
13560,0.5,20.843
13561,0.5,20.843
13562,0.5,20.843
13563,0.5,20.843
13564,0.5,20.843
13565,0.5,20.843
13566,0.5,20.843
13567,0.5,20.843
13568,0.5,20.843
13569,0.5,20.843
13570,0.5,20.843
13571,0.5,20.843
13572,0.5,20.843
13573,0.5,20.843
13574,0.5,20.843
13575,0.5,20.843
13576,0.5,20.843
13577,0.5,20.843
13578,0.5,20.843
13579,0.5,20.843
13580,0.5,20.843
13581,0.5,20.843
13582,0.5,20.843
13583,0.5,20.843
13584,0.5,20.843
13585,0.5,20.843
13586,0.5,20.843
13587,0.5,20.843
13588,0.5,20.843
13589,0.5,20.843
13590,0.5,20.843
13591,0.5,20.843
13592,0.5,20.843
13593,0.5,20.843
13594,0.5,20.843
13595,0.5,20.843
13596,0.5,20.843
13597,0.5,20.843
13598,0.5,20.843
13599,0.5,20.843
13600,0.5,20.843
13601,0.5,20.843
13602,0.5,20.843
13603,0.5,20.843
13604,0.5,20.843
13605,0.5,20.843
13606,0.5,20.843
13607,0.5,20.843
13608,0.5,20.843
13609,0.5,20.843
13610,0.5,20.843
13611,0.5,20.843
13612,0.5,20.843
13613,0.5,20.843
13614,0.5,20.843
13615,0.5,20.843
13616,0.5,20.843
13617,0.5,20.843
13618,0.5,20.843
13619,0.5,20.843
13620,0.5,20.843
13621,0.5,20.843
13622,0.5,20.843
13623,0.5,20.843
13624,0.5,20.843
13625,0.5,20.843
13626,0.5,20.843
13627,0.5,20.843
13628,0.5,20.843
13629,0.5,20.843
13630,0.5,20.843
13631,0.5,20.843
13632,0.5,20.843
13633,0.5,20.843
13634,0.5,20.843
13635,0.5,20.843
13636,0.5,20.843
13637,0.5,20.843
13638,0.5,20.843
13639,0.5,20.843
13640,0.5,20.843
13641,0.5,20.843
13642,0.5,20.843
13643,0.5,20.843
13644,0.5,20.843
13645,0.5,20.843
13646,0.5,20.843
13647,0.5,20.843
13648,0.5,20.843
13649,0.5,20.843
13650,0.5,20.843
13651,0.5,20.843
13652,0.5,20.843
13653,0.5,20.843
13654,0.5,20.843
13655,0.5,20.843
13656,0.5,20.843
13657,0.5,20.843
13658,0.5,20.843
13659,0.5,20.843
13660,0.5,20.843
13661,0.5,20.843
13662,0.5,20.843
13663,0.5,20.843
13664,0.5,20.843
13665,0.5,20.843
13666,0.5,20.843
13667,0.5,20.843
13668,0.5,20.843
13669,0.5,20.843
13670,0.5,20.843
13671,0.5,20.843
13672,0.5,20.843
13673,0.5,20.843
13674,0.5,20.843
13675,0.5,20.843
13676,0.5,20.843
13677,0.5,20.843
13678,0.5,20.843
13679,0.5,20.843
13680,0.5,20.843
13681,0.5,20.843
13682,0.5,20.843
13683,0.5,20.843
13684,0.5,20.843
13685,0.5,20.843
13686,0.5,20.843
13687,0.5,20.843
13688,0.5,20.843
13689,0.5,20.843
13690,0.5,20.843
13691,0.5,20.843
13692,0.5,20.843
13693,0.5,20.843
13694,0.5,20.843
13695,0.5,20.843
13696,0.5,20.843
13697,0.5,20.843
13698,0.5,20.843
13699,0.5,20.843
13700,0.5,20.843
13701,0.5,20.843
13702,0.5,20.843
13703,0.5,20.843
13704,0.5,20.843
13705,0.5,20.843
13706,0.5,20.843
13707,0.5,20.843
13708,0.5,20.843
13709,0.5,20.843
13710,0.5,20.843
13711,0.5,20.843
13712,0.5,20.843
13713,0.5,20.843
13714,0.5,20.843
13715,0.5,20.843
13716,0.5,20.843
13717,0.5,20.843
13718,0.5,20.843
13719,0.5,20.843
13720,0.5,20.843
13721,0.5,20.843
13722,0.5,20.843
13723,0.5,20.843
13724,0.5,20.843
13725,0.5,20.843
13726,0.5,20.843
13727,0.5,20.843
13728,0.5,20.843
13729,0.5,20.843
13730,0.5,20.843
13731,0.5,20.843
13732,0.5,20.843
13733,0.5,20.843
13734,0.5,20.843
13735,0.5,20.843
13736,0.5,20.843
13737,0.5,20.843
13738,0.5,20.843
13739,0.5,20.843
13740,0.5,20.843
13741,0.5,20.843
13742,0.5,20.843
13743,0.5,20.843
13744,0.5,20.843
13745,0.5,20.843
13746,0.5,20.843
13747,0.5,20.843
13748,0.5,20.843
13749,0.5,20.843
13750,0.5,20.843
13751,0.5,20.843
13752,0.5,20.843
13753,0.5,20.843
13754,0.5,20.843
13755,0.5,20.843
13756,0.5,20.843
13757,0.5,20.843
13758,0.5,20.843
13759,0.5,20.843
13760,0.5,20.843
13761,0.5,20.843
13762,0.5,20.843
13763,0.5,20.843
13764,0.5,20.843
13765,0.5,20.843
13766,0.5,20.843
13767,0.5,20.843
13768,0.5,20.843
13769,0.5,20.843
13770,0.5,20.843
13771,0.5,20.843
13772,0.5,20.843
13773,0.5,20.843
13774,0.5,20.843
13775,0.5,20.843
13776,0.5,20.843
13777,0.5,20.843
13778,0.5,20.843
13779,0.5,20.843
13780,0.5,20.843
13781,0.5,20.843
13782,0.5,20.843
13783,0.5,20.843
13784,0.5,20.843
13785,0.5,20.843
13786,0.5,20.843
13787,0.5,20.843
13788,0.5,20.843
13789,0.5,20.843
13790,0.5,20.843
13791,0.5,20.843
13792,0.5,20.843
13793,0.5,20.843
13794,0.5,20.843
13795,0.5,20.843
13796,0.5,20.843
13797,0.5,20.843
13798,0.5,20.843
13799,0.5,20.843
13800,0.5,20.843
13801,0.5,20.843
13802,0.5,20.843
13803,0.5,20.843
13804,0.5,20.843
13805,0.5,20.843
13806,0.5,20.843
13807,0.5,20.843
13808,0.5,20.843
13809,0.5,20.843
13810,0.5,20.843
13811,0.5,20.843
13812,0.5,20.843
13813,0.5,20.843
13814,0.5,20.843
13815,0.5,20.843
13816,0.5,20.843
13817,0.5,20.843
13818,0.5,20.843
13819,0.5,20.843
13820,0.5,20.843
13821,0.5,20.843
13822,0.5,20.843
13823,0.5,20.843
13824,0.5,20.843
13825,0.5,20.843
13826,0.5,20.843
13827,0.5,20.843
13828,0.5,20.843
13829,0.5,20.843
13830,0.5,20.843
13831,0.5,20.843
13832,0.5,20.843
13833,0.5,20.843
13834,0.5,20.843
13835,0.5,20.843
13836,0.5,20.843
13837,0.5,20.843
13838,0.5,20.843
13839,0.5,20.843
13840,0.5,20.843
13841,0.5,20.843
13842,0.5,20.843
13843,0.5,20.843
13844,0.5,20.843
13845,0.5,20.843
13846,0.5,20.843
13847,0.5,20.843
13848,0.5,20.843
13849,0.5,20.843
13850,0.5,20.843
13851,0.5,20.843
13852,0.5,20.843
13853,0.5,20.843
13854,0.5,20.843
13855,0.5,20.843
13856,0.5,20.843
13857,0.5,20.843
13858,0.5,20.843
13859,0.5,20.843
13860,0.5,20.843
13861,0.5,20.843
13862,0.5,20.843
13863,0.5,20.843
13864,0.5,20.843
13865,0.5,20.843
13866,0.5,20.843
13867,0.5,20.843
13868,0.5,20.843
13869,0.5,20.843
13870,0.5,20.843
13871,0.5,20.843
13872,0.5,20.843
13873,0.5,20.843
13874,0.5,20.843
13875,0.5,20.843
13876,0.5,20.843
13877,0.5,20.843
13878,0.5,20.843
13879,0.5,20.843
13880,0.5,20.843
13881,0.5,20.843
13882,0.5,20.843
13883,0.5,20.843
13884,0.5,20.843
13885,0.5,20.843
13886,0.5,20.843
13887,0.5,20.843
13888,0.5,20.843
13889,0.5,20.843
13890,0.5,20.843
13891,0.5,20.843
13892,0.5,20.843
13893,0.5,20.843
13894,0.5,20.843
13895,0.5,20.843
13896,0.5,20.843
13897,0.5,20.843
13898,0.5,20.843
13899,0.5,20.843
13900,0.5,20.843
13901,0.5,20.843
13902,0.5,20.843
13903,0.5,20.843
13904,0.5,20.843
13905,0.5,20.843
13906,0.5,20.843
13907,0.5,20.843
13908,0.5,20.843
13909,0.5,20.843
13910,0.5,20.843
13911,0.5,20.843
13912,0.5,20.843
13913,0.5,20.843
13914,0.5,20.843
13915,0.5,20.843
13916,0.5,20.843
13917,0.5,20.843
13918,0.5,20.843
13919,0.5,20.843
13920,0.5,20.843
13921,0.5,20.843
13922,0.5,20.843
13923,0.5,20.843
13924,0.5,20.843
13925,0.5,20.843
13926,0.5,20.843
13927,0.5,20.843
13928,0.5,20.843
13929,0.5,20.843
13930,0.5,20.843
13931,0.5,20.843
13932,0.5,20.843
13933,0.5,20.843
13934,0.5,20.843
13935,0.5,20.843
13936,0.5,20.843
13937,0.5,20.843
13938,0.5,20.843
13939,0.5,20.843
13940,0.5,20.843
13941,0.5,20.843
13942,0.5,20.843
13943,0.5,20.843
13944,0.5,20.843
13945,0.5,20.843
13946,0.5,20.843
13947,0.5,20.843
13948,0.5,20.843
13949,0.5,20.843
13950,0.5,20.843
13951,0.5,20.843
13952,0.5,20.843
13953,0.5,20.843
13954,0.5,20.843
13955,0.5,20.843
13956,0.5,20.843
13957,0.5,20.843
13958,0.5,20.843
13959,0.5,20.843
13960,0.5,20.843
13961,0.5,20.843
13962,0.5,20.843
13963,0.5,20.843
13964,0.5,20.843
13965,0.5,20.843
13966,0.5,20.843
13967,0.5,20.843
13968,0.5,20.843
13969,0.5,20.843
13970,0.5,20.843
13971,0.5,20.843
13972,0.5,20.843
13973,0.5,20.843
13974,0.5,20.843
13975,0.5,20.843
13976,0.5,20.843
13977,0.5,20.843
13978,0.5,20.843
13979,0.5,20.843
13980,0.5,20.843
13981,0.5,20.843
13982,0.5,20.843
13983,0.5,20.843
13984,0.5,20.843
13985,0.5,20.843
13986,0.5,20.843
13987,0.5,20.843
13988,0.5,20.843
13989,0.5,20.843
13990,0.5,20.843
13991,0.5,20.843
13992,0.5,20.843
13993,0.5,20.843
13994,0.5,20.843
13995,0.5,20.843
13996,0.5,20.843
13997,0.5,20.843
13998,0.5,20.843
13999,0.5,20.843
14000,0.5,20.843
14001,0.5,20.843
14002,0.5,20.843
14003,0.5,20.843
14004,0.5,20.843
14005,0.5,20.843
14006,0.5,20.843
14007,0.5,20.843
14008,0.5,20.843
14009,0.5,20.843
14010,0.5,20.843
14011,0.5,20.843
14012,0.5,20.843
14013,0.5,20.843
14014,0.5,20.843
14015,0.5,20.843
14016,0.5,20.843
14017,0.5,20.843
14018,0.5,20.843
14019,0.5,20.843
14020,0.5,20.843
14021,0.5,20.843
14022,0.5,20.843
14023,0.5,20.843
14024,0.5,20.843
14025,0.5,20.843
14026,0.5,20.843
14027,0.5,20.843
14028,0.5,20.843
14029,0.5,20.843
14030,0.5,20.843
14031,0.5,20.843
14032,0.5,20.843
14033,0.5,20.843
14034,0.5,20.843
14035,0.5,20.843
14036,0.5,20.843
14037,0.5,20.843
14038,0.5,20.843
14039,0.5,20.843
14040,0.5,20.843
14041,0.5,20.843
14042,0.5,20.843
14043,0.5,20.843
14044,0.5,20.843
14045,0.5,20.843
14046,0.5,20.843
14047,0.5,20.843
14048,0.5,20.843
14049,0.5,20.843
14050,0.5,20.843
14051,0.5,20.843
14052,0.5,20.843
14053,0.5,20.843
14054,0.5,20.843
14055,0.5,20.843
14056,0.5,20.843
14057,0.5,20.843
14058,0.5,20.843
14059,0.5,20.843
14060,0.5,20.843
14061,0.5,20.843
14062,0.5,20.843
14063,0.5,20.843
14064,0.5,20.843
14065,0.5,20.843
14066,0.5,20.843
14067,0.5,20.843
14068,0.5,20.843
14069,0.5,20.843
14070,0.5,20.843
14071,0.5,20.843
14072,0.5,20.843
14073,0.5,20.843
14074,0.5,20.843
14075,0.5,20.843
14076,0.5,20.843
14077,0.5,20.843
14078,0.5,20.843
14079,0.5,20.843
14080,0.5,20.843
14081,0.5,20.843
14082,0.5,20.843
14083,0.5,20.843
14084,0.5,20.843
14085,0.5,20.843
14086,0.5,20.843
14087,0.5,20.843
14088,0.5,20.843
14089,0.5,20.843
14090,0.5,20.843
14091,0.5,20.843
14092,0.5,20.843
14093,0.5,20.843
14094,0.5,20.843
14095,0.5,20.843
14096,0.5,20.843
14097,0.5,20.843
14098,0.5,20.843
14099,0.5,20.843
14100,0.5,20.843
14101,0.5,20.843
14102,0.5,20.843
14103,0.5,20.843
14104,0.5,20.843
14105,0.5,20.843
14106,0.5,20.843
14107,0.5,20.843
14108,0.5,20.843
14109,0.5,20.843
14110,0.5,20.843
14111,0.5,20.843
14112,0.5,20.843
14113,0.5,20.843
14114,0.5,20.843
14115,0.5,20.843
14116,0.5,20.843
14117,0.5,20.843
14118,0.5,20.843
14119,0.5,20.843
14120,0.5,20.843
14121,0.5,20.843
14122,0.5,20.843
14123,0.5,20.843
14124,0.5,20.843
14125,0.5,20.843
14126,0.5,20.843
14127,0.5,20.843
14128,0.5,20.843
14129,0.5,20.843
14130,0.5,20.843
14131,0.5,20.843
14132,0.5,20.843
14133,0.5,20.843
14134,0.5,20.843
14135,0.5,20.843
14136,0.5,20.843
14137,0.5,20.843
14138,0.5,20.843
14139,0.5,20.843
14140,0.5,20.843
14141,0.5,20.843
14142,0.5,20.843
14143,0.5,20.843
14144,0.5,20.843
14145,0.5,20.843
14146,0.5,20.843
14147,0.5,20.843
14148,0.5,20.843
14149,0.5,20.843
14150,0.5,20.843
14151,0.5,20.843
14152,0.5,20.843
14153,0.5,20.843
14154,0.5,20.843
14155,0.5,20.843
14156,0.5,20.843
14157,0.5,20.843
14158,0.5,20.843
14159,0.5,20.843
14160,0.5,20.843
14161,0.5,20.843
14162,0.5,20.843
14163,0.5,20.843
14164,0.5,20.843
14165,0.5,20.843
14166,0.5,20.843
14167,0.5,20.843
14168,0.5,20.843
14169,0.5,20.843
14170,0.5,20.843
14171,0.5,20.843
14172,0.5,20.843
14173,0.5,20.843
14174,0.5,20.843
14175,0.5,20.843
14176,0.5,20.843
14177,0.5,20.843
14178,0.5,20.843
14179,0.5,20.843
14180,0.5,20.843
14181,0.5,20.843
14182,0.5,20.843
14183,0.5,20.843
14184,0.5,20.843
14185,0.5,20.843
14186,0.5,20.843
14187,0.5,20.843
14188,0.5,20.843
14189,0.5,20.843
14190,0.5,20.843
14191,0.5,20.843
14192,0.5,20.843
14193,0.5,20.843
14194,0.5,20.843
14195,0.5,20.843
14196,0.5,20.843
14197,0.5,20.843
14198,0.5,20.843
14199,0.5,20.843
14200,0.5,20.843
14201,0.5,20.843
14202,0.5,20.843
14203,0.5,20.843
14204,0.5,20.843
14205,0.5,20.843
14206,0.5,20.843
14207,0.5,20.843
14208,0.5,20.843
14209,0.5,20.843
14210,0.5,20.843
14211,0.5,20.843
14212,0.5,20.843
14213,0.5,20.843
14214,0.5,20.843
14215,0.5,20.843
14216,0.5,20.843
14217,0.5,20.843
14218,0.5,20.843
14219,0.5,20.843
14220,0.5,20.843
14221,0.5,20.843
14222,0.5,20.843
14223,0.5,20.843
14224,0.5,20.843
14225,0.5,20.843
14226,0.5,20.843
14227,0.5,20.843
14228,0.5,20.843
14229,0.5,20.843
14230,0.5,20.843
14231,0.5,20.843
14232,0.5,20.843
14233,0.5,20.843
14234,0.5,20.843
14235,0.5,20.843
14236,0.5,20.843
14237,0.5,20.843
14238,0.5,20.843
14239,0.5,20.843
14240,0.5,20.843
14241,0.5,20.843
14242,0.5,20.843
14243,0.5,20.843
14244,0.5,20.843
14245,0.5,20.843
14246,0.5,20.843
14247,0.5,20.843
14248,0.5,20.843
14249,0.5,20.843
14250,0.5,20.843
14251,0.5,20.843
14252,0.5,20.843
14253,0.5,20.843
14254,0.5,20.843
14255,0.5,20.843
14256,0.5,20.843
14257,0.5,20.843
14258,0.5,20.843
14259,0.5,20.843
14260,0.5,20.843
14261,0.5,20.843
14262,0.5,20.843
14263,0.5,20.843
14264,0.5,20.843
14265,0.5,20.843
14266,0.5,20.843
14267,0.5,20.843
14268,0.5,20.843
14269,0.5,20.843
14270,0.5,20.843
14271,0.5,20.843
14272,0.5,20.843
14273,0.5,20.843
14274,0.5,20.843
14275,0.5,20.843
14276,0.5,20.843
14277,0.5,20.843
14278,0.5,20.843
14279,0.5,20.843
14280,0.5,20.843
14281,0.5,20.843
14282,0.5,20.843
14283,0.5,20.843
14284,0.5,20.843
14285,0.5,20.843
14286,0.5,20.843
14287,0.5,20.843
14288,0.5,20.843
14289,0.5,20.843
14290,0.5,20.843
14291,0.5,20.843
14292,0.5,20.843
14293,0.5,20.843
14294,0.5,20.843
14295,0.5,20.843
14296,0.5,20.843
14297,0.5,20.843
14298,0.5,20.843
14299,0.5,20.843
14300,0.5,20.843
14301,0.5,20.843
14302,0.5,20.843
14303,0.5,20.843
14304,0.5,20.843
14305,0.5,20.843
14306,0.5,20.843
14307,0.5,20.843
14308,0.5,20.843
14309,0.5,20.843
14310,0.5,20.843
14311,0.5,20.843
14312,0.5,20.843
14313,0.5,20.843
14314,0.5,20.843
14315,0.5,20.843
14316,0.5,20.843
14317,0.5,20.843
14318,0.5,20.843
14319,0.5,20.843
14320,0.5,20.843
14321,0.5,20.843
14322,0.5,20.843
14323,0.5,20.843
14324,0.5,20.843
14325,0.5,20.843
14326,0.5,20.843
14327,0.5,20.843
14328,0.5,20.843
14329,0.5,20.843
14330,0.5,20.843
14331,0.5,20.843
14332,0.5,20.843
14333,0.5,20.843
14334,0.5,20.843
14335,0.5,20.843
14336,0.5,20.843
14337,0.5,20.843
14338,0.5,20.843
14339,0.5,20.843
14340,0.5,20.843
14341,0.5,20.843
14342,0.5,20.843
14343,0.5,20.843
14344,0.5,20.843
14345,0.5,20.843
14346,0.5,20.843
14347,0.5,20.843
14348,0.5,20.843
14349,0.5,20.843
14350,0.5,20.843
14351,0.5,20.843
14352,0.5,20.843
14353,0.5,20.843
14354,0.5,20.843
14355,0.5,20.843
14356,0.5,20.843
14357,0.5,20.843
14358,0.5,20.843
14359,0.5,20.843
14360,0.5,20.843
14361,0.5,20.843
14362,0.5,20.843
14363,0.5,20.843
14364,0.5,20.843
14365,0.5,20.843
14366,0.5,20.843
14367,0.5,20.843
14368,0.5,20.843
14369,0.5,20.843
14370,0.5,20.843
14371,0.5,20.843
14372,0.5,20.843
14373,0.5,20.843
14374,0.5,20.843
14375,0.5,20.843
14376,0.5,20.843
14377,0.5,20.843
14378,0.5,20.843
14379,0.5,20.843
14380,0.5,20.843
14381,0.5,20.843
14382,0.5,20.843
14383,0.5,20.843
14384,0.5,20.843
14385,0.5,20.843
14386,0.5,20.843
14387,0.5,20.843
14388,0.5,20.843
14389,0.5,20.843
14390,0.5,20.843
14391,0.5,20.843
14392,0.5,20.843
14393,0.5,20.843
14394,0.5,20.843
14395,0.5,20.843
14396,0.5,20.843
14397,0.5,20.843
14398,0.5,20.843
14399,0.5,20.843
14400,0.5,20.843
14401,0.5,20.843
14402,0.5,20.843
14403,0.5,20.843
14404,0.5,20.843
14405,0.5,20.843
14406,0.5,20.843
14407,0.5,20.843
14408,0.5,20.843
14409,0.5,20.843
14410,0.5,20.843
14411,0.5,20.843
14412,0.5,20.843
14413,0.5,20.843
14414,0.5,20.843
14415,0.5,20.843
14416,0.5,20.843
14417,0.5,20.843
14418,0.5,20.843
14419,0.5,20.843
14420,0.5,20.843
14421,0.5,20.843
14422,0.5,20.843
14423,0.5,20.843
14424,0.5,20.843
14425,0.5,20.843
14426,0.5,20.843
14427,0.5,20.843
14428,0.5,20.843
14429,0.5,20.843
14430,0.5,20.843
14431,0.5,20.843
14432,0.5,20.843
14433,0.5,20.843
14434,0.5,20.843
14435,0.5,20.843
14436,0.5,20.843
14437,0.5,20.843
14438,0.5,20.843
14439,0.5,20.843
14440,0.5,20.843
14441,0.5,20.843
14442,0.5,20.843
14443,0.5,20.843
14444,0.5,20.843
14445,0.5,20.843
14446,0.5,20.843
14447,0.5,20.843
14448,0.5,20.843
14449,0.5,20.843
14450,0.5,20.843
14451,0.5,20.843
14452,0.5,20.843
14453,0.5,20.843
14454,0.5,20.843
14455,0.5,20.843
14456,0.5,20.843
14457,0.5,20.843
14458,0.5,20.843
14459,0.5,20.843
14460,0.5,20.843
14461,0.5,20.843
14462,0.5,20.843
14463,0.5,20.843
14464,0.5,20.843
14465,0.5,20.843
14466,0.5,20.843
14467,0.5,20.843
14468,0.5,20.843
14469,0.5,20.843
14470,0.5,20.843
14471,0.5,20.843
14472,0.5,20.843
14473,0.5,20.843
14474,0.5,20.843
14475,0.5,20.843
14476,0.5,20.843
14477,0.5,20.843
14478,0.5,20.843
14479,0.5,20.843
14480,0.5,20.843
14481,0.5,20.843
14482,0.5,20.843
14483,0.5,20.843
14484,0.5,20.843
14485,0.5,20.843
14486,0.5,20.843
14487,0.5,20.843
14488,0.5,20.843
14489,0.5,20.843
14490,0.5,20.843
14491,0.5,20.843
14492,0.5,20.843
14493,0.5,20.843
14494,0.5,20.843
14495,0.5,20.843
14496,0.5,20.843
14497,0.5,20.843
14498,0.5,20.843
14499,0.5,20.843
14500,0.5,20.843
14501,0.5,20.843
14502,0.5,20.843
14503,0.5,20.843
14504,0.5,20.843
14505,0.5,20.843
14506,0.5,20.843
14507,0.5,20.843
14508,0.5,20.843
14509,0.5,20.843
14510,0.5,20.843
14511,0.5,20.843
14512,0.5,20.843
14513,0.5,20.843
14514,0.5,20.843
14515,0.5,20.843
14516,0.5,20.843
14517,0.5,20.843
14518,0.5,20.843
14519,0.5,20.843
14520,0.5,20.843
14521,0.5,20.843
14522,0.5,20.843
14523,0.5,20.843
14524,0.5,20.843
14525,0.5,20.843
14526,0.5,20.843
14527,0.5,20.843
14528,0.5,20.843
14529,0.5,20.843
14530,0.5,20.843
14531,0.5,20.843
14532,0.5,20.843
14533,0.5,20.843
14534,0.5,20.843
14535,0.5,20.843
14536,0.5,20.843
14537,0.5,20.843
14538,0.5,20.843
14539,0.5,20.843
14540,0.5,20.843
14541,0.5,20.843
14542,0.5,20.843
14543,0.5,20.843
14544,0.5,20.843
14545,0.5,20.843
14546,0.5,20.843
14547,0.5,20.843
14548,0.5,20.843
14549,0.5,20.843
14550,0.5,20.843
14551,0.5,20.843
14552,0.5,20.843
14553,0.5,20.843
14554,0.5,20.843
14555,0.5,20.843
14556,0.5,20.843
14557,0.5,20.843
14558,0.5,20.843
14559,0.5,20.843
14560,0.5,20.843
14561,0.5,20.843
14562,0.5,20.843
14563,0.5,20.843
14564,0.5,20.843
14565,0.5,20.843
14566,0.5,20.843
14567,0.5,20.843
14568,0.5,20.843
14569,0.5,20.843
14570,0.5,20.843
14571,0.5,20.843
14572,0.5,20.843
14573,0.5,20.843
14574,0.5,20.843
14575,0.5,20.843
14576,0.5,20.843
14577,0.5,20.843
14578,0.5,20.843
14579,0.5,20.843
14580,0.5,20.843
14581,0.5,20.843
14582,0.5,20.843
14583,0.5,20.843
14584,0.5,20.843
14585,0.5,20.843
14586,0.5,20.843
14587,0.5,20.843
14588,0.5,20.843
14589,0.5,20.843
14590,0.5,20.843
14591,0.5,20.843
14592,0.5,20.843
14593,0.5,20.843
14594,0.5,20.843
14595,0.5,20.843
14596,0.5,20.843
14597,0.5,20.843
14598,0.5,20.843
14599,0.5,20.843
14600,0.5,20.843
14601,0.5,20.843
14602,0.5,20.843
14603,0.5,20.843
14604,0.5,20.843
14605,0.5,20.843
14606,0.5,20.843
14607,0.5,20.843
14608,0.5,20.843
14609,0.5,20.843
14610,0.5,20.843
14611,0.5,20.843
14612,0.5,20.843
14613,0.5,20.843
14614,0.5,20.843
14615,0.5,20.843
14616,0.5,20.843
14617,0.5,20.843
14618,0.5,20.843
14619,0.5,20.843
14620,0.5,20.843
14621,0.5,20.843
14622,0.5,20.843
14623,0.5,20.843
14624,0.5,20.843
14625,0.5,20.843
14626,0.5,20.843
14627,0.5,20.843
14628,0.5,20.843
14629,0.5,20.843
14630,0.5,20.843
14631,0.5,20.843
14632,0.5,20.843
14633,0.5,20.843
14634,0.5,20.843
14635,0.5,20.843
14636,0.5,20.843
14637,0.5,20.843
14638,0.5,20.843
14639,0.5,20.843
14640,0.5,20.843
14641,0.5,20.843
14642,0.5,20.843
14643,0.5,20.843
14644,0.5,20.843
14645,0.5,20.843
14646,0.5,20.843
14647,0.5,20.843
14648,0.5,20.843
14649,0.5,20.843
14650,0.5,20.843
14651,0.5,20.843
14652,0.5,20.843
14653,0.5,20.843
14654,0.5,20.843
14655,0.5,20.843
14656,0.5,20.843
14657,0.5,20.843
14658,0.5,20.843
14659,0.5,20.843
14660,0.5,20.843
14661,0.5,20.843
14662,0.5,20.843
14663,0.5,20.843
14664,0.5,20.843
14665,0.5,20.843
14666,0.5,20.843
14667,0.5,20.843
14668,0.5,20.843
14669,0.5,20.843
14670,0.5,20.843
14671,0.5,20.843
14672,0.5,20.843
14673,0.5,20.843
14674,0.5,20.843
14675,0.5,20.843
14676,0.5,20.843
14677,0.5,20.843
14678,0.5,20.843
14679,0.5,20.843
14680,0.5,20.843
14681,0.5,20.843
14682,0.5,20.843
14683,0.5,20.843
14684,0.5,20.843
14685,0.5,20.843
14686,0.5,20.843
14687,0.5,20.843
14688,0.5,20.843
14689,0.5,20.843
14690,0.5,20.843
14691,0.5,20.843
14692,0.5,20.843
14693,0.5,20.843
14694,0.5,20.843
14695,0.5,20.843
14696,0.5,20.843
14697,0.5,20.843
14698,0.5,20.843
14699,0.5,20.843
14700,0.5,20.843
14701,0.5,20.843
14702,0.5,20.843
14703,0.5,20.843
14704,0.5,20.843
14705,0.5,20.843
14706,0.5,20.843
14707,0.5,20.843
14708,0.5,20.843
14709,0.5,20.843
14710,0.5,20.843
14711,0.5,20.843
14712,0.5,20.843
14713,0.5,20.843
14714,0.5,20.843
14715,0.5,20.843
14716,0.5,20.843
14717,0.5,20.843
14718,0.5,20.843
14719,0.5,20.843
14720,0.5,20.843
14721,0.5,20.843
14722,0.5,20.843
14723,0.5,20.843
14724,0.5,20.843
14725,0.5,20.843
14726,0.5,20.843
14727,0.5,20.843
14728,0.5,20.843
14729,0.5,20.843
14730,0.5,20.843
14731,0.5,20.843
14732,0.5,20.843
14733,0.5,20.843
14734,0.5,20.843
14735,0.5,20.843
14736,0.5,20.843
14737,0.5,20.843
14738,0.5,20.843
14739,0.5,20.843
14740,0.5,20.843
14741,0.5,20.843
14742,0.5,20.843
14743,0.5,20.843
14744,0.5,20.843
14745,0.5,20.843
14746,0.5,20.843
14747,0.5,20.843
14748,0.5,20.843
14749,0.5,20.843
14750,0.5,20.843
14751,0.5,20.843
14752,0.5,20.843
14753,0.5,20.843
14754,0.5,20.843
14755,0.5,20.843
14756,0.5,20.843
14757,0.5,20.843
14758,0.5,20.843
14759,0.5,20.843
14760,0.5,20.843
14761,0.5,20.843
14762,0.5,20.843
14763,0.5,20.843
14764,0.5,20.843
14765,0.5,20.843
14766,0.5,20.843
14767,0.5,20.843
14768,0.5,20.843
14769,0.5,20.843
14770,0.5,20.843
14771,0.5,20.843
14772,0.5,20.843
14773,0.5,20.843
14774,0.5,20.843
14775,0.5,20.843
14776,0.5,20.843
14777,0.5,20.843
14778,0.5,20.843
14779,0.5,20.843
14780,0.5,20.843
14781,0.5,20.843
14782,0.5,20.843
14783,0.5,20.843
14784,0.5,20.843
14785,0.5,20.843
14786,0.5,20.843
14787,0.5,20.843
14788,0.5,20.843
14789,0.5,20.843
14790,0.5,20.843
14791,0.5,20.843
14792,0.5,20.843
14793,0.5,20.843
14794,0.5,20.843
14795,0.5,20.843
14796,0.5,20.843
14797,0.5,20.843
14798,0.5,20.843
14799,0.5,20.843
14800,0.5,20.843
14801,0.5,20.843
14802,0.5,20.843
14803,0.5,20.843
14804,0.5,20.843
14805,0.5,20.843
14806,0.5,20.843
14807,0.5,20.843
14808,0.5,20.843
14809,0.5,20.843
14810,0.5,20.843
14811,0.5,20.843
14812,0.5,20.843
14813,0.5,20.843
14814,0.5,20.843
14815,0.5,20.843
14816,0.5,20.843
14817,0.5,20.843
14818,0.5,20.843
14819,0.5,20.843
14820,0.5,20.843
14821,0.5,20.843
14822,0.5,20.843
14823,0.5,20.843
14824,0.5,20.843
14825,0.5,20.843
14826,0.5,20.843
14827,0.5,20.843
14828,0.5,20.843
14829,0.5,20.843
14830,0.5,20.843
14831,0.5,20.843
14832,0.5,20.843
14833,0.5,20.843
14834,0.5,20.843
14835,0.5,20.843
14836,0.5,20.843
14837,0.5,20.843
14838,0.5,20.843
14839,0.5,20.843
14840,0.5,20.843
14841,0.5,20.843
14842,0.5,20.843
14843,0.5,20.843
14844,0.5,20.843
14845,0.5,20.843
14846,0.5,20.843
14847,0.5,20.843
14848,0.5,20.843
14849,0.5,20.843
14850,0.5,20.843
14851,0.5,20.843
14852,0.5,20.843
14853,0.5,20.843
14854,0.5,20.843
14855,0.5,20.843
14856,0.5,20.843
14857,0.5,20.843
14858,0.5,20.843
14859,0.5,20.843
14860,0.5,20.843
14861,0.5,20.843
14862,0.5,20.843
14863,0.5,20.843
14864,0.5,20.843
14865,0.5,20.843
14866,0.5,20.843
14867,0.5,20.843
14868,0.5,20.843
14869,0.5,20.843
14870,0.5,20.843
14871,0.5,20.843
14872,0.5,20.843
14873,0.5,20.843
14874,0.5,20.843
14875,0.5,20.843
14876,0.5,20.843
14877,0.5,20.843
14878,0.5,20.843
14879,0.5,20.843
14880,0.5,20.843
14881,0.5,20.843
14882,0.5,20.843
14883,0.5,20.843
14884,0.5,20.843
14885,0.5,20.843
14886,0.5,20.843
14887,0.5,20.843
14888,0.5,20.843
14889,0.5,20.843
14890,0.5,20.843
14891,0.5,20.843
14892,0.5,20.843
14893,0.5,20.843
14894,0.5,20.843
14895,0.5,20.843
14896,0.5,20.843
14897,0.5,20.843
14898,0.5,20.843
14899,0.5,20.843
14900,0.5,20.843
14901,0.5,20.843
14902,0.5,20.843
14903,0.5,20.843
14904,0.5,20.843
14905,0.5,20.843
14906,0.5,20.843
14907,0.5,20.843
14908,0.5,20.843
14909,0.5,20.843
14910,0.5,20.843
14911,0.5,20.843
14912,0.5,20.843
14913,0.5,20.843
14914,0.5,20.843
14915,0.5,20.843
14916,0.5,20.843
14917,0.5,20.843
14918,0.5,20.843
14919,0.5,20.843
14920,0.5,20.843
14921,0.5,20.843
14922,0.5,20.843
14923,0.5,20.843
14924,0.5,20.843
14925,0.5,20.843
14926,0.5,20.843
14927,0.5,20.843
14928,0.5,20.843
14929,0.5,20.843
14930,0.5,20.843
14931,0.5,20.843
14932,0.5,20.843
14933,0.5,20.843
14934,0.5,20.843
14935,0.5,20.843
14936,0.5,20.843
14937,0.5,20.843
14938,0.5,20.843
14939,0.5,20.843
14940,0.5,20.843
14941,0.5,20.843
14942,0.5,20.843
14943,0.5,20.843
14944,0.5,20.843
14945,0.5,20.843
14946,0.5,20.843
14947,0.5,20.843
14948,0.5,20.843
14949,0.5,20.843
14950,0.5,20.843
14951,0.5,20.843
14952,0.5,20.843
14953,0.5,20.843
14954,0.5,20.843
14955,0.5,20.843
14956,0.5,20.843
14957,0.5,20.843
14958,0.5,20.843
14959,0.5,20.843
14960,0.5,20.843
14961,0.5,20.843
14962,0.5,20.843
14963,0.5,20.843
14964,0.5,20.843
14965,0.5,20.843
14966,0.5,20.843
14967,0.5,20.843
14968,0.5,20.843
14969,0.5,20.843
14970,0.5,20.843
14971,0.5,20.843
14972,0.5,20.843
14973,0.5,20.843
14974,0.5,20.843
14975,0.5,20.843
14976,0.5,20.843
14977,0.5,20.843
14978,0.5,20.843
14979,0.5,20.843
14980,0.5,20.843
14981,0.5,20.843
14982,0.5,20.843
14983,0.5,20.843
14984,0.5,20.843
14985,0.5,20.843
14986,0.5,20.843
14987,0.5,20.843
14988,0.5,20.843
14989,0.5,20.843
14990,0.5,20.843
14991,0.5,20.843
14992,0.5,20.843
14993,0.5,20.843
14994,0.5,20.843
14995,0.5,20.843
14996,0.5,20.843
14997,0.5,20.843
14998,0.5,20.843
14999,0.5,20.843
15000,0.5,20.843
15001,0.5,20.843
15002,0.5,20.843
15003,0.5,20.843
15004,0.5,20.843
15005,0.5,20.843
15006,0.5,20.843
15007,0.5,20.843
15008,0.5,20.843
15009,0.5,20.843
15010,0.5,20.843
15011,0.5,20.843
15012,0.5,20.843
15013,0.5,20.843
15014,0.5,20.843
15015,0.5,20.843
15016,0.5,20.843
15017,0.5,20.843
15018,0.5,20.843
15019,0.5,20.843
15020,0.5,20.843
15021,0.5,20.843
15022,0.5,20.843
15023,0.5,20.843
15024,0.5,20.843
15025,0.5,20.843
15026,0.5,20.843
15027,0.5,20.843
15028,0.5,20.843
15029,0.5,20.843
15030,0.5,20.843
15031,0.5,20.843
15032,0.5,20.843
15033,0.5,20.843
15034,0.5,20.843
15035,0.5,20.843
15036,0.5,20.843
15037,0.5,20.843
15038,0.5,20.843
15039,0.5,20.843
15040,0.5,20.843
15041,0.5,20.843
15042,0.5,20.843
15043,0.5,20.843
15044,0.5,20.843
15045,0.5,20.843
15046,0.5,20.843
15047,0.5,20.843
15048,0.5,20.843
15049,0.5,20.843
15050,0.5,20.843
15051,0.5,20.843
15052,0.5,20.843
15053,0.5,20.843
15054,0.5,20.843
15055,0.5,20.843
15056,0.5,20.843
15057,0.5,20.843
15058,0.5,20.843
15059,0.5,20.843
15060,0.5,20.843
15061,0.5,20.843
15062,0.5,20.843
15063,0.5,20.843
15064,0.5,20.843
15065,0.5,20.843
15066,0.5,20.843
15067,0.5,20.843
15068,0.5,20.843
15069,0.5,20.843
15070,0.5,20.843
15071,0.5,20.843
15072,0.5,20.843
15073,0.5,20.843
15074,0.5,20.843
15075,0.5,20.843
15076,0.5,20.843
15077,0.5,20.843
15078,0.5,20.843
15079,0.5,20.843
15080,0.5,20.843
15081,0.5,20.843
15082,0.5,20.843
15083,0.5,20.843
15084,0.5,20.843
15085,0.5,20.843
15086,0.5,20.843
15087,0.5,20.843
15088,0.5,20.843
15089,0.5,20.843
15090,0.5,20.843
15091,0.5,20.843
15092,0.5,20.843
15093,0.5,20.843
15094,0.5,20.843
15095,0.5,20.843
15096,0.5,20.843
15097,0.5,20.843
15098,0.5,20.843
15099,0.5,20.843
15100,0.5,20.843
15101,0.5,20.843
15102,0.5,20.843
15103,0.5,20.843
15104,0.5,20.843
15105,0.5,20.843
15106,0.5,20.843
15107,0.5,20.843
15108,0.5,20.843
15109,0.5,20.843
15110,0.5,20.843
15111,0.5,20.843
15112,0.5,20.843
15113,0.5,20.843
15114,0.5,20.843
15115,0.5,20.843
15116,0.5,20.843
15117,0.5,20.843
15118,0.5,20.843
15119,0.5,20.843
15120,0.5,20.843
15121,0.5,20.843
15122,0.5,20.843
15123,0.5,20.843
15124,0.5,20.843
15125,0.5,20.843
15126,0.5,20.843
15127,0.5,20.843
15128,0.5,20.843
15129,0.5,20.843
15130,0.5,20.843
15131,0.5,20.843
15132,0.5,20.843
15133,0.5,20.843
15134,0.5,20.843
15135,0.5,20.843
15136,0.5,20.843
15137,0.5,20.843
15138,0.5,20.843
15139,0.5,20.843
15140,0.5,20.843
15141,0.5,20.843
15142,0.5,20.843
15143,0.5,20.843
15144,0.5,20.843
15145,0.5,20.843
15146,0.5,20.843
15147,0.5,20.843
15148,0.5,20.843
15149,0.5,20.843
15150,0.5,20.843
15151,0.5,20.843
15152,0.5,20.843
15153,0.5,20.843
15154,0.5,20.843
15155,0.5,20.843
15156,0.5,20.843
15157,0.5,20.843
15158,0.5,20.843
15159,0.5,20.843
15160,0.5,20.843
15161,0.5,20.843
15162,0.5,20.843
15163,0.5,20.843
15164,0.5,20.843
15165,0.5,20.843
15166,0.5,20.843
15167,0.5,20.843
15168,0.5,20.843
15169,0.5,20.843
15170,0.5,20.843
15171,0.5,20.843
15172,0.5,20.843
15173,0.5,20.843
15174,0.5,20.843
15175,0.5,20.843
15176,0.5,20.843
15177,0.5,20.843
15178,0.5,20.843
15179,0.5,20.843
15180,0.5,20.843
15181,0.5,20.843
15182,0.5,20.843
15183,0.5,20.843
15184,0.5,20.843
15185,0.5,20.843
15186,0.5,20.843
15187,0.5,20.843
15188,0.5,20.843
15189,0.5,20.843
15190,0.5,20.843
15191,0.5,20.843
15192,0.5,20.843
15193,0.5,20.843
15194,0.5,20.843
15195,0.5,20.843
15196,0.5,20.843
15197,0.5,20.843
15198,0.5,20.843
15199,0.5,20.843
15200,0.5,20.843
15201,0.5,20.843
15202,0.5,20.843
15203,0.5,20.843
15204,0.5,20.843
15205,0.5,20.843
15206,0.5,20.843
15207,0.5,20.843
15208,0.5,20.843
15209,0.5,20.843
15210,0.5,20.843
15211,0.5,20.843
15212,0.5,20.843
15213,0.5,20.843
15214,0.5,20.843
15215,0.5,20.843
15216,0.5,20.843
15217,0.5,20.843
15218,0.5,20.843
15219,0.5,20.843
15220,0.5,20.843
15221,0.5,20.843
15222,0.5,20.843
15223,0.5,20.843
15224,0.5,20.843
15225,0.5,20.843
15226,0.5,20.843
15227,0.5,20.843
15228,0.5,20.843
15229,0.5,20.843
15230,0.5,20.843
15231,0.5,20.843
15232,0.5,20.843
15233,0.5,20.843
15234,0.5,20.843
15235,0.5,20.843
15236,0.5,20.843
15237,0.5,20.843
15238,0.5,20.843
15239,0.5,20.843
15240,0.5,20.843
15241,0.5,20.843
15242,0.5,20.843
15243,0.5,20.843
15244,0.5,20.843
15245,0.5,20.843
15246,0.5,20.843
15247,0.5,20.843
15248,0.5,20.843
15249,0.5,20.843
15250,0.5,20.843
15251,0.5,20.843
15252,0.5,20.843
15253,0.5,20.843
15254,0.5,20.843
15255,0.5,20.843
15256,0.5,20.843
15257,0.5,20.843
15258,0.5,20.843
15259,0.5,20.843
15260,0.5,20.843
15261,0.5,20.843
15262,0.5,20.843
15263,0.5,20.843
15264,0.5,20.843
15265,0.5,20.843
15266,0.5,20.843
15267,0.5,20.843
15268,0.5,20.843
15269,0.5,20.843
15270,0.5,20.843
15271,0.5,20.843
15272,0.5,20.843
15273,0.5,20.843
15274,0.5,20.843
15275,0.5,20.843
15276,0.5,20.843
15277,0.5,20.843
15278,0.5,20.843
15279,0.5,20.843
15280,0.5,20.843
15281,0.5,20.843
15282,0.5,20.843
15283,0.5,20.843
15284,0.5,20.843
15285,0.5,20.843
15286,0.5,20.843
15287,0.5,20.843
15288,0.5,20.843
15289,0.5,20.843
15290,0.5,20.843
15291,0.5,20.843
15292,0.5,20.843
15293,0.5,20.843
15294,0.5,20.843
15295,0.5,20.843
15296,0.5,20.843
15297,0.5,20.843
15298,0.5,20.843
15299,0.5,20.843
15300,0.5,20.843
15301,0.5,20.843
15302,0.5,20.843
15303,0.5,20.843
15304,0.5,20.843
15305,0.5,20.843
15306,0.5,20.843
15307,0.5,20.843
15308,0.5,20.843
15309,0.5,20.843
15310,0.5,20.843
15311,0.5,20.843
15312,0.5,20.843
15313,0.5,20.843
15314,0.5,20.843
15315,0.5,20.843
15316,0.5,20.843
15317,0.5,20.843
15318,0.5,20.843
15319,0.5,20.843
15320,0.5,20.843
15321,0.5,20.843
15322,0.5,20.843
15323,0.5,20.843
15324,0.5,20.843
15325,0.5,20.843
15326,0.5,20.843
15327,0.5,20.843
15328,0.5,20.843
15329,0.5,20.843
15330,0.5,20.843
15331,0.5,20.843
15332,0.5,20.843
15333,0.5,20.843
15334,0.5,20.843
15335,0.5,20.843
15336,0.5,20.843
15337,0.5,20.843
15338,0.5,20.843
15339,0.5,20.843
15340,0.5,20.843
15341,0.5,20.843
15342,0.5,20.843
15343,0.5,20.843
15344,0.5,20.843
15345,0.5,20.843
15346,0.5,20.843
15347,0.5,20.843
15348,0.5,20.843
15349,0.5,20.843
15350,0.5,20.843
15351,0.5,20.843
15352,0.5,20.843
15353,0.5,20.843
15354,0.5,20.843
15355,0.5,20.843
15356,0.5,20.843
15357,0.5,20.843
15358,0.5,20.843
15359,0.5,20.843
15360,0.5,20.843
15361,0.5,20.843
15362,0.5,20.843
15363,0.5,20.843
15364,0.5,20.843
15365,0.5,20.843
15366,0.5,20.843
15367,0.5,20.843
15368,0.5,20.843
15369,0.5,20.843
15370,0.5,20.843
15371,0.5,20.843
15372,0.5,20.843
15373,0.5,20.843
15374,0.5,20.843
15375,0.5,20.843
15376,0.5,20.843
15377,0.5,20.843
15378,0.5,20.843
15379,0.5,20.843
15380,0.5,20.843
15381,0.5,20.843
15382,0.5,20.843
15383,0.5,20.843
15384,0.5,20.843
15385,0.5,20.843
15386,0.5,20.843
15387,0.5,20.843
15388,0.5,20.843
15389,0.5,20.843
15390,0.5,20.843
15391,0.5,20.843
15392,0.5,20.843
15393,0.5,20.843
15394,0.5,20.843
15395,0.5,20.843
15396,0.5,20.843
15397,0.5,20.843
15398,0.5,20.843
15399,0.5,20.843
15400,0.5,20.843
